id,first_name,last_name,email,gender,job_title,salary,recruitable
1,Elnar,Johnes,elnar.johnes@quatz.com,Male,VP Sales,80000,FALSE
2,Thomasina,Vale,thomasina.vale@zoomdog.com,Female,Environmental Tech,90000,TRUE
3,Elisabetta,O'Rafferty,elisabetta.o'rafferty@thoughtbridge.com,Female,Health Coach III,75000,FALSE
4,Bradley,Groger,bradley.groger@leenti.com,Male,Staff Scientist,98000,FALSE
5,Myrah,Feighney,myrah.feighney@gevee.com,Female,Electrical Engineer,120000,FALSE
6,Brianne,Johnikin,brianne.johnikin@vinte.com,Female,Geological Engineer,87000,TRUE
7,Michelle,Lamberth,michelle.lamberth@voolith.com,Female,Food Chemist,67000,TRUE
8,Jourdan,Conibere,jourdan.conibere@riffpath.com,Female,Health Coach III,46000,FALSE
9,Valma,Wickman,valma.wickman@realbridge.com,Female,Accounting Assistant I,98000,TRUE
10,Del,Jekel,del.jekel@rhynoodle.com,Female,Office Assistant I,99000,FALSE
11,Trenton,Dongles,trenton.dongles@quatz.com,Male,VP Accounting,34888,FALSE
12,Evan,Simkovich,evan.simkovich@voolith.com,Male,Chief Design Engineer,123000,TRUE
13,Abramo,Bayman,abramo.bayman@quatz.com,Male,Staff Scientist,100000,TRUE
14,Germana,Redsall,germana.redsall@fliptune.com,Female,Web Developer I,67000,FALSE
15,Ilse,Welburn,ilse.welburn@quatz.com,Female,Staff Scientist,88000,TRUE
16,Daniela,Zannotelli,daniela.zannotelli@meejo.com,Female,Systems Administrator IV,66000,TRUE
17,Veradis,Dandison,veradis.dandison@quatz.com,Female,Software Consultant,67800,TRUE
18,Wendi,Dunnan,wendi.dunnan@realbuzz.com,Female,VP Quality Control,67000,TRUE
19,Wolfy,Cavey,wolfy.cavey@quatz.com,Male,Chemical Engineer,46000,TRUE
20,Naoma,Gregon,naoma.gregon@meetz.com,Female,Media Manager IV,80000,FALSE
21,Cicily,Goldin,cicily.goldin@muxo.com,Female,Food Chemist,90000,FALSE
22,Leila,Coupar,leila.coupar@oyope.com,Female,Food Chemist,75000,TRUE
23,Sherwynd,Cayton,sherwynd.cayton@skinix.com,Male,Senior Cost Accountant,98000,FALSE
24,Kennie,Seaborne,kennie.seaborne@oloo.com,Male,Staff Scientist,120000,FALSE
25,Roby,Noraway,roby.noraway@meembee.com,Female,Food Chemist,87000,FALSE
26,Mile,Adnet,mile.adnet@meembee.com,Male,Computer Systems Analyst I,67000,TRUE
27,Ravid,Sabban,ravid.sabban@fliptune.com,Male,Accountant I,46000,TRUE
28,Kathie,Crudginton,kathie.crudginton@katz.com,Female,Developer II,98000,FALSE
29,Ezechiel,Ferro,ezechiel.ferro@thoughtbridge.com,Male,Research Assistant III,99000,TRUE
30,Bobby,Teulier,bobby.teulier@wordpedia.com,Male,Help Desk Operator,34888,FALSE
31,Nilson,Lambersen,nilson.lambersen@skyble.com,Male,Office Assistant I,123000,FALSE
32,Pavel,Twiggs,pavel.twiggs@topiczoom.com,Male,Accounting Assistant I,100000,TRUE
33,Mab,Towle,mab.towle@feedbug.com,Female,Electrical Engineer,67000,TRUE
34,Findlay,Brittles,findlay.brittles@lazz.com,Male,Chief Design Engineer,88000,FALSE
35,Issiah,Seeds,issiah.seeds@cogidoo.com,Male,VP Product Management,66000,TRUE
36,Cherianne,Moxham,cherianne.moxham@thoughtstorm.com,Female,Cost Accountant,67800,TRUE
37,Fredrick,Giametti,fredrick.giametti@wordpedia.com,Male,Office Assistant I,67000,TRUE
38,Isadora,Macconachy,isadora.macconachy@roomm.com,Female,Civil Engineer,46000,TRUE
39,Batholomew,Girauld,batholomew.girauld@voomm.com,Male,Biostatistician III,80000,TRUE
40,Idell,Wonfor,idell.wonfor@topicware.com,Female,Financial Advisor,90000,FALSE
41,Sigrid,Melton,sigrid.melton@zoomdog.com,Female,Help Desk Operator,75000,FALSE
42,Frankie,Joselevitz,frankie.joselevitz@yotz.com,Male,Geological Engineer,98000,TRUE
43,Gena,Patria,gena.patria@topicware.com,Female,Electrical Engineer,120000,FALSE
44,Marie,Lafflina,marie.lafflina@vidoo.com,Female,Electrical Engineer,87000,FALSE
45,Zilvia,Munks,zilvia.munks@topiczoom.com,Female,Cost Accountant,67000,FALSE
46,Freeland,Drivers,freeland.drivers@wordpedia.com,Male,Research Assistant III,46000,TRUE
47,Devland,Jachtym,devland.jachtym@vinte.com,Male,Financial Advisor,98000,TRUE
48,Arnoldo,Premble,arnoldo.premble@kwimbee.com,Male,Web Developer II,99000,FALSE
49,Abner,Camp,abner.camp@trilith.com,Male,Assistant Media Planner,34888,TRUE
50,Reed,Oddie,reed.oddie@voomm.com,Male,Research Assistant III,123000,FALSE
51,Erhard,Bowerman,erhard.bowerman@thoughtmix.com,Male,Environmental Tech,100000,FALSE
52,Gerrard,Heyns,gerrard.heyns@voolith.com,Male,VP Sales,67000,TRUE
53,Welch,Stivani,welch.stivani@wikibox.com,Male,Electrical Engineer,88000,TRUE
54,Stanislas,D'Agostino,stanislas.d'agostino@oyope.com,Male,Systems Administrator IV,66000,FALSE
55,Gertie,Zieme,gertie.zieme@topiczoom.com,Female,Electrical Engineer,67800,TRUE
56,Reuben,Ruddick,reuben.ruddick@feedbug.com,Male,Accounting Assistant I,67000,TRUE
57,Karlen,Abbado,karlen.abbado@voolith.com,Female,Structural Analysis Engineer,46000,TRUE
58,Nestor,Boland,nestor.boland@divanoodle.com,Male,Community Outreach Specialist,80000,TRUE
59,Bald,Smidmore,bald.smidmore@blogxs.com,Male,Database Administrator IV,90000,TRUE
60,Lenci,Durant,lenci.durant@oyonder.com,Male,Biostatistician III,75000,FALSE
61,Vicki,Beaby,vicki.beaby@browsetype.com,Female,Community Outreach Specialist,98000,FALSE
62,Kat,Garraway,kat.garraway@meetz.com,Female,Chief Design Engineer,120000,TRUE
63,Butch,Fluck,butch.fluck@flipopia.com,Male,Civil Engineer,87000,FALSE
64,Carmelita,Siuda,carmelita.siuda@aibox.com,Female,Software Consultant,67000,FALSE
65,Lorin,Peto,lorin.peto@buzzster.com,Male,Web Developer I,46000,FALSE
66,Karee,Whitticks,karee.whitticks@voomm.com,Female,Research Assistant III,98000,TRUE
67,Cybill,Rosson,cybill.rosson@skyble.com,Female,Geological Engineer,99000,TRUE
68,Lynda,McRamsey,lynda.mcramsey@tagfeed.com,Female,Office Assistant I,34888,FALSE
69,Coop,Hillin,coop.hillin@tagfeed.com,Male,Electrical Engineer,123000,TRUE
70,Munroe,Mantz,munroe.mantz@dynava.com,Male,Web Developer I,100000,FALSE
71,Lara,Duhig,lara.duhig@latz.com,Female,Chief Design Engineer,67000,FALSE
72,Cobbie,Pawlowicz,cobbie.pawlowicz@oyoyo.com,Male,Internal Auditor,88000,TRUE
73,Flynn,Blunsom,flynn.blunsom@trilith.com,Male,VP Sales,66000,TRUE
74,Alfy,Martins,alfy.martins@tekfly.com,Male,Computer Systems Analyst I,67800,FALSE
75,Teriann,Kneller,teriann.kneller@zoombox.com,Female,Structural Analysis Engineer,67000,TRUE
76,Carolyn,Ambrosini,carolyn.ambrosini@dynazzy.com,Female,Web Developer II,46000,TRUE
77,Sonni,Lovering,sonni.lovering@twimbo.com,Female,Database Administrator IV,80000,TRUE
78,Margalo,Swaisland,margalo.swaisland@skyble.com,Female,Software Consultant,90000,TRUE
79,Marquita,Klugel,marquita.klugel@thoughtstorm.com,Female,Help Desk Technician,75000,TRUE
80,Nap,Ernke,nap.ernke@oyope.com,Male,Systems Administrator IV,98000,FALSE
81,Meriel,Riediger,meriel.riediger@realbuzz.com,Female,Financial Advisor,120000,FALSE
82,Sharleen,Este,sharleen.este@blogspan.com,Female,Geological Engineer,87000,TRUE
83,Byrom,Fehners,byrom.fehners@twiyo.com,Male,Office Assistant I,67000,FALSE
84,Ronny,Sickert,ronny.sickert@flipstorm.com,Female,Chief Design Engineer,46000,FALSE
85,Winslow,Willmer,winslow.willmer@katz.com,Male,Geological Engineer,98000,FALSE
86,Geneva,Wollacott,geneva.wollacott@gigabox.com,Female,Web Developer I,99000,TRUE
87,Etty,Mc Kellen,etty.mc kellen@photolist.com,Female,Staff Scientist,34888,TRUE
88,Hobey,Emeney,hobey.emeney@zoomdog.com,Male,Research Assistant III,123000,FALSE
89,Benyamin,Gyngell,benyamin.gyngell@ntag.com,Male,Chief Design Engineer,100000,TRUE
90,Benjamin,Normand,benjamin.normand@skaboo.com,Male,Computer Systems Analyst I,67000,FALSE
91,Tildi,Capinetti,tildi.capinetti@flipstorm.com,Female,Computer Systems Analyst I,88000,FALSE
92,Derrick,Moakes,derrick.moakes@realbuzz.com,Male,Internal Auditor,66000,TRUE
93,Hy,Mottini,hy.mottini@fliptune.com,Male,Community Outreach Specialist,67800,TRUE
94,Giacobo,Pelchat,giacobo.pelchat@yakijo.com,Male,Biostatistician III,67000,FALSE
95,Welby,Vines,welby.vines@vinte.com,Male,Help Desk Operator,46000,TRUE
96,Dennet,Matisoff,dennet.matisoff@skinder.com,Male,Computer Systems Analyst I,80000,TRUE
97,Trumann,Renison,trumann.renison@mydeo.com,Male,Health Coach III,90000,TRUE
98,Pennie,Martine,pennie.martine@voolith.com,Female,Community Outreach Specialist,75000,TRUE
99,Pen,Vallow,pen.vallow@linktype.com,Female,Help Desk Operator,98000,TRUE
100,Norman,Topper,norman.topper@skidoo.com,Male,VP Product Management,120000,FALSE
101,Hamilton,Harley,hamilton.harley@wordpedia.com,Male,Chemical Engineer,87000,FALSE
102,Siward,Strewthers,siward.strewthers@riffpath.com,Male,Account Representative I,67000,TRUE
103,Lenard,Schaben,lenard.schaben@rhynyx.com,Male,Database Administrator IV,46000,FALSE
104,Bidget,Swaton,bidget.swaton@blogtags.com,Female,Chief Design Engineer,98000,FALSE
105,Shurlock,Landreth,shurlock.landreth@skinix.com,Male,Chief Design Engineer,99000,FALSE
106,Gregory,Lavery,gregory.lavery@cogidoo.com,Male,VP Product Management,34888,TRUE
107,Freddy,Bucksey,freddy.bucksey@mymm.com,Female,Internal Auditor,123000,TRUE
108,Juliet,Tweedell,juliet.tweedell@meedoo.com,Female,Database Administrator IV,100000,FALSE
109,Bentlee,Murrhaupt,bentlee.murrhaupt@linktype.com,Male,Help Desk Operator,67000,TRUE
110,Brien,Ramard,brien.ramard@yakijo.com,Male,Environmental Tech,88000,FALSE
111,Bird,Belfitt,bird.belfitt@topiczoom.com,Female,Community Outreach Specialist,66000,FALSE
112,Dougie,Bridgstock,dougie.bridgstock@oyope.com,Male,Office Assistant I,67800,TRUE
113,Selena,Winspar,selena.winspar@rhybox.com,Female,Electrical Engineer,67000,TRUE
114,Cindee,Pawlata,cindee.pawlata@abatz.com,Female,Media Manager IV,46000,FALSE
115,Isa,Southeran,isa.southeran@jatri.com,Male,Web Developer I,80000,TRUE
116,Steffen,Pinchen,steffen.pinchen@gevee.com,Male,Senior Cost Accountant,90000,TRUE
117,Mitchel,Dightham,mitchel.dightham@voolith.com,Male,Electrical Engineer,75000,TRUE
118,Beniamino,Meenehan,beniamino.meenehan@ainyx.com,Male,Sales Associate,98000,TRUE
119,Elissa,Scamal,elissa.scamal@youopia.com,Female,Office Assistant I,120000,TRUE
120,Lorie,Crewther,lorie.crewther@blogxs.com,Female,Web Developer I,87000,FALSE
121,Doll,Dumbrill,doll.dumbrill@oyonder.com,Female,VP Accounting,67000,FALSE
122,Brina,Zanotti,brina.zanotti@demivee.com,Female,Senior Cost Accountant,46000,TRUE
123,Brose,Chasle,brose.chasle@leenti.com,Male,Developer II,98000,FALSE
124,Lyssa,McHarry,lyssa.mcharry@centidel.com,Female,VP Accounting,99000,FALSE
125,Simon,Maylour,simon.maylour@fliptune.com,Male,Systems Administrator IV,34888,FALSE
126,Tommy,Akrigg,tommy.akrigg@wikibox.com,Female,Web Developer I,123000,TRUE
127,Daniela,Atterley,daniela.atterley@mudo.com,Female,Administrative Officer,100000,TRUE
128,Caroljean,Perulli,caroljean.perulli@blogxs.com,Female,Chief Design Engineer,67000,FALSE
129,Tybie,Robertshaw,tybie.robertshaw@topicblab.com,Female,Sales Associate,88000,TRUE
130,Silvan,Mathews,silvan.mathews@lazz.com,Male,Accountant I,66000,FALSE
131,Kale,Peile,kale.peile@rhynyx.com,Male,Computer Systems Analyst I,67800,FALSE
132,Wilmar,Bartosik,wilmar.bartosik@topicblab.com,Male,Help Desk Technician,67000,TRUE
133,Fiorenze,Ilyenko,fiorenze.ilyenko@rhyzio.com,Female,Chief Design Engineer,46000,TRUE
134,Latisha,Klesse,latisha.klesse@twimbo.com,Female,Chief Design Engineer,80000,FALSE
135,Charley,Eaddy,charley.eaddy@centimia.com,Male,Assistant Media Planner,90000,TRUE
136,Ken,Aiken,ken.aiken@blogtags.com,Male,Media Manager IV,75000,TRUE
137,Morgen,Chasteau,morgen.chasteau@twitterlist.com,Female,Accounting Assistant I,98000,TRUE
138,Hillie,Dollin,hillie.dollin@yakijo.com,Male,Web Developer II,120000,TRUE
139,Randal,Lakeland,randal.lakeland@photobug.com,Male,Civil Engineer,87000,TRUE
140,Ike,Burgan,ike.burgan@agivu.com,Male,Research Assistant III,67000,FALSE
141,Jemie,Hathaway,jemie.hathaway@topicware.com,Female,Design Engineer,46000,FALSE
142,Tomlin,Barkley,tomlin.barkley@meedoo.com,Male,Cost Accountant,98000,TRUE
143,Sibby,Inkles,sibby.inkles@reallinks.com,Female,Staff Scientist,99000,FALSE
144,Lilli,Mannie,lilli.mannie@chatterbridge.com,Female,Help Desk Technician,34888,FALSE
145,Liam,Kohlert,liam.kohlert@skynoodle.com,Male,Environmental Tech,123000,FALSE
146,Stavro,Emblow,stavro.emblow@linkbuzz.com,Male,Systems Administrator IV,100000,TRUE
147,Herbert,Benthall,herbert.benthall@browsetype.com,Male,Database Administrator IV,67000,TRUE
148,Jordana,Piens,jordana.piens@rhynyx.com,Female,Community Outreach Specialist,88000,FALSE
149,Gustav,Dykes,gustav.dykes@yoveo.com,Male,Database Administrator IV,66000,TRUE
150,Veriee,Cromie,veriee.cromie@mynte.com,Female,Systems Administrator II,67800,FALSE
151,Norrie,Delgaty,norrie.delgaty@blogpad.com,Male,Civil Engineer,67000,FALSE
152,Kittie,Elwill,kittie.elwill@jatri.com,Female,Design Engineer,46000,TRUE
153,Keane,Dondon,keane.dondon@edgeify.com,Male,Staff Scientist,80000,TRUE
154,Randal,Bedenham,randal.bedenham@twiyo.com,Male,Chief Design Engineer,90000,FALSE
155,Ches,Manwell,ches.manwell@shufflebeat.com,Male,Environmental Tech,75000,TRUE
156,Rhodie,Clapp,rhodie.clapp@jetwire.com,Female,VP Product Management,98000,TRUE
157,Chester,Marc,chester.marc@vinte.com,Male,Internal Auditor,120000,TRUE
158,Hy,Fairlamb,hy.fairlamb@geba.com,Male,Accounting Assistant I,87000,TRUE
159,Derwin,Skentelbury,derwin.skentelbury@brainlounge.com,Male,VP Sales,67000,TRUE
160,Calv,Embleton,calv.embleton@meejo.com,Male,Chief Design Engineer,46000,FALSE
161,Roman,Alison,roman.alison@skynoodle.com,Male,Computer Systems Analyst I,98000,FALSE
162,Valenka,Spawforth,valenka.spawforth@browsetype.com,Female,VP Product Management,99000,TRUE
163,Beverly,Partleton,beverly.partleton@cogidoo.com,Female,Help Desk Technician,34888,FALSE
164,Benjie,Choat,benjie.choat@dynava.com,Male,Software Consultant,123000,FALSE
165,Eirena,Baltzar,eirena.baltzar@tagfeed.com,Female,Staff Scientist,100000,FALSE
166,Ximenez,Witherby,ximenez.witherby@flipbug.com,Male,Environmental Tech,67000,TRUE
167,Barde,Pristnor,barde.pristnor@innotype.com,Male,Help Desk Operator,88000,TRUE
168,Muffin,Cromly,muffin.cromly@brainlounge.com,Female,Staff Accountant I,66000,FALSE
169,Josie,Freestone,josie.freestone@oyonder.com,Female,Environmental Tech,67800,TRUE
170,Esteban,Beddin,esteban.beddin@centidel.com,Male,VP Sales,67000,FALSE
171,Berton,Silkston,berton.silkston@agivu.com,Male,Research Assistant III,46000,FALSE
172,Elberta,Condy,elberta.condy@oyope.com,Female,Office Assistant I,80000,TRUE
173,Alma,Gorger,alma.gorger@twiyo.com,Female,Chemical Engineer,90000,TRUE
174,Lindsay,Sorsby,lindsay.sorsby@topiczoom.com,Female,Health Coach III,75000,FALSE
175,Quent,Jacquemet,quent.jacquemet@eazzy.com,Male,Electrical Engineer,98000,TRUE
176,Baxie,Bernardino,baxie.bernardino@kazu.com,Male,Accounting Assistant I,120000,TRUE
177,Jen,Linforth,jen.linforth@oyondu.com,Female,Electrical Engineer,87000,TRUE
178,Lotti,Lorriman,lotti.lorriman@vinte.com,Female,Community Outreach Specialist,67000,TRUE
179,Debi,Servis,debi.servis@dynazzy.com,Female,Staff Accountant I,46000,TRUE
180,Hedy,Lindborg,hedy.lindborg@pixope.com,Female,VP Product Management,98000,FALSE
181,Dallas,Shepard,dallas.shepard@mynte.com,Female,Electrical Engineer,99000,FALSE
182,Ignacio,Halle,ignacio.halle@rhynyx.com,Male,Chief Design Engineer,34888,TRUE
183,Lucine,Size,lucine.size@yoveo.com,Female,Help Desk Operator,123000,FALSE
184,Trey,Digwood,trey.digwood@youopia.com,Male,Electrical Engineer,100000,FALSE
185,Sidonia,Livingstone,sidonia.livingstone@mudo.com,Female,Structural Analysis Engineer,67000,FALSE
186,Natty,Beernaert,natty.beernaert@yakijo.com,Female,Assistant Media Planner,88000,TRUE
187,Cad,Badini,cad.badini@twitterbridge.com,Male,Administrative Officer,66000,TRUE
188,Umberto,Surcombe,umberto.surcombe@skiptube.com,Male,Administrative Officer,67800,FALSE
189,Lisabeth,Pound,lisabeth.pound@topiczoom.com,Female,Community Outreach Specialist,67000,TRUE
190,Gabey,Thulborn,gabey.thulborn@dabjam.com,Female,VP Sales,46000,FALSE
191,Gene,Huygen,gene.huygen@chatterbridge.com,Male,Help Desk Technician,80000,FALSE
192,Perice,Camillo,perice.camillo@photobug.com,Male,Accountant I,90000,TRUE
193,Dennison,Jumeau,dennison.jumeau@skynoodle.com,Male,Developer II,75000,TRUE
194,Kerrie,Riddich,kerrie.riddich@skajo.com,Female,Cost Accountant,98000,FALSE
195,Godard,Van Arsdall,godard.van arsdall@gevee.com,Male,Accountant I,120000,TRUE
196,Kinny,MacRory,kinny.macrory@skynoodle.com,Male,Media Manager IV,87000,TRUE
197,Birch,Craighill,birch.craighill@thoughtstorm.com,Male,Civil Engineer,67000,TRUE
198,Elisabet,Plimmer,elisabet.plimmer@yodoo.com,Female,Accounting Assistant I,46000,TRUE
199,Frazer,Fucher,frazer.fucher@tagfeed.com,Male,Administrative Officer,98000,TRUE
200,Yves,Breese,yves.breese@topicblab.com,Male,Senior Cost Accountant,99000,FALSE
201,Micaela,Sharpless,micaela.sharpless@jatri.com,Female,Chemical Engineer,34888,FALSE
202,Dorry,Gegay,dorry.gegay@flashpoint.com,Female,Design Engineer,123000,TRUE
203,Fabe,Lintott,fabe.lintott@devify.com,Male,Biostatistician III,100000,FALSE
204,Arnold,Pietruszka,arnold.pietruszka@shufflebeat.com,Male,Computer Systems Analyst I,67000,FALSE
205,Nico,Hallan,nico.hallan@edgewire.com,Male,VP Quality Control,88000,FALSE
206,Lizbeth,Fransman,lizbeth.fransman@twimbo.com,Female,Chief Design Engineer,66000,TRUE
207,Willdon,Vany,willdon.vany@rhyzio.com,Male,Media Manager IV,67800,TRUE
208,Aveline,Couves,aveline.couves@thoughtbridge.com,Female,Cost Accountant,67000,FALSE
209,Chrysa,Hanbidge,chrysa.hanbidge@trilia.com,Female,Staff Scientist,46000,TRUE
210,Jaymie,Hulburt,jaymie.hulburt@brainlounge.com,Male,Community Outreach Specialist,80000,FALSE
211,Daisi,Ambrosio,daisi.ambrosio@fliptune.com,Female,VP Quality Control,90000,FALSE
212,Molli,Leele,molli.leele@quire.com,Female,Electrical Engineer,75000,TRUE
213,Reube,Sneesby,reube.sneesby@browsebug.com,Male,Environmental Tech,98000,TRUE
214,Linda,Mallaby,linda.mallaby@tagfeed.com,Female,Health Coach III,80000,FALSE
215,Pavel,Cabera,pavel.cabera@shufflebeat.com,Male,Electrical Engineer,90000,TRUE
216,Edouard,Morant,edouard.morant@browsetype.com,Male,Software Consultant,75000,TRUE
217,Rhys,MacGiolla,rhys.macgiolla@twiyo.com,Male,Electrical Engineer,98000,TRUE
218,Merle,MacDonell,merle.macdonell@rhynoodle.com,Female,Financial Advisor,120000,TRUE
219,Eda,Doherty,eda.doherty@meetz.com,Female,Developer II,87000,TRUE
220,Katerina,Terrill,katerina.terrill@edgewire.com,Female,Environmental Tech,67000,FALSE
221,Sigfried,Dignan,sigfried.dignan@thoughtstorm.com,Male,Staff Accountant I,46000,FALSE
222,Joshia,Manwell,joshia.manwell@jetwire.com,Male,Chief Design Engineer,98000,TRUE
223,Elbertina,Game,elbertina.game@skinix.com,Female,Community Outreach Specialist,99000,FALSE
224,Jacinta,McVicker,jacinta.mcvicker@skimia.com,Female,Chemical Engineer,34888,FALSE
225,Devina,Iacobacci,devina.iacobacci@kazu.com,Female,Web Developer II,123000,FALSE
226,Lamar,Halpin,lamar.halpin@meetz.com,Male,Systems Administrator II,100000,TRUE
227,Phylys,Grigolashvill,phylys.grigolashvill@divanoodle.com,Female,Web Developer II,67000,TRUE
228,Graeme,Menauteau,graeme.menauteau@skimia.com,Male,Structural Analysis Engineer,88000,FALSE
229,Jeremie,Founds,jeremie.founds@meetz.com,Male,Office Assistant I,66000,TRUE
230,Traver,Biasetti,traver.biasetti@topicblab.com,Male,Chief Design Engineer,67800,FALSE
231,Ameline,Toner,ameline.toner@agivu.com,Female,Community Outreach Specialist,67000,FALSE
232,Gaynor,Harriday,gaynor.harriday@roombo.com,Female,Civil Engineer,46000,TRUE
233,Auberon,Coviello,auberon.coviello@pixoboo.com,Male,Administrative Officer,80000,TRUE
234,Kass,Frodsham,kass.frodsham@reallinks.com,Female,Accountant I,90000,FALSE
235,Scarface,Cordall,scarface.cordall@podcat.com,Male,Community Outreach Specialist,75000,TRUE
236,Marita,De Vuyst,marita.de vuyst@thoughtworks.com,Female,Help Desk Operator,98000,TRUE
237,Hamilton,Dufty,hamilton.dufty@mynte.com,Male,Electrical Engineer,120000,TRUE
238,Lauryn,Mottini,lauryn.mottini@flashspan.com,Female,Accounting Assistant I,87000,TRUE
239,Corby,Fulloway,corby.fulloway@thoughtsphere.com,Male,Biostatistician III,67000,TRUE
240,Matty,Jedraszek,matty.jedraszek@ntags.com,Male,Systems Administrator IV,46000,FALSE
241,Saxon,MacElroy,saxon.macelroy@skiptube.com,Male,Electrical Engineer,98000,FALSE
242,Rodger,Sprigings,rodger.sprigings@ntags.com,Male,Web Developer II,99000,TRUE
243,Clarisse,Casson,clarisse.casson@skynoodle.com,Female,VP Sales,34888,FALSE
244,Randolph,Gubbin,randolph.gubbin@latz.com,Male,Computer Systems Analyst I,123000,FALSE
245,Ashley,Cossey,ashley.cossey@yakijo.com,Female,Sales Associate,100000,FALSE
246,Paula,Ewbank,paula.ewbank@shuffledrive.com,Female,Structural Analysis Engineer,67000,TRUE
247,Xylina,Derell,xylina.derell@twimbo.com,Female,Cost Accountant,88000,TRUE
248,Franz,Reade,franz.reade@oyondu.com,Male,VP Quality Control,66000,FALSE
249,Lindi,Josipovitz,lindi.josipovitz@chatterbridge.com,Female,Help Desk Operator,67800,TRUE
250,Stanleigh,Bamforth,stanleigh.bamforth@linkbridge.com,Male,Computer Systems Analyst I,67000,FALSE
251,Patricio,Davidsson,patricio.davidsson@oyoyo.com,Male,Chief Design Engineer,46000,FALSE
252,Barrett,Briiginshaw,barrett.briiginshaw@ntag.com,Male,Staff Accountant I,80000,TRUE
253,Yul,Minot,yul.minot@jaxworks.com,Male,Systems Administrator IV,90000,TRUE
254,Mellisent,Beasant,mellisent.beasant@skinder.com,Female,Cost Accountant,75000,FALSE
255,Avrom,Bodle,avrom.bodle@ntags.com,Male,Cost Accountant,98000,TRUE
256,Jourdain,Ekins,jourdain.ekins@dabjam.com,Male,Community Outreach Specialist,120000,TRUE
257,Dosi,Halliwell,dosi.halliwell@twitterbridge.com,Female,Food Chemist,87000,TRUE
258,Zebadiah,Dudill,zebadiah.dudill@quaxo.com,Male,Web Developer I,67000,TRUE
259,Bryan,de Bullion,bryan.de bullion@buzzshare.com,Male,Environmental Tech,46000,TRUE
260,Karlee,Ragsdale,karlee.ragsdale@kare.com,Female,Chief Design Engineer,98000,FALSE
261,Claude,Elston,claude.elston@quatz.com,Female,Accounting Assistant I,99000,FALSE
262,Thaddeus,Benam,thaddeus.benam@feedbug.com,Male,Community Outreach Specialist,34888,TRUE
263,Emlynn,Ciementini,emlynn.ciementini@devify.com,Female,Civil Engineer,123000,FALSE
264,Alma,Bromby,alma.bromby@buzzster.com,Female,Environmental Tech,100000,FALSE
265,Georges,Sprakes,georges.sprakes@thoughtsphere.com,Male,Office Assistant I,67000,FALSE
266,Quintina,Whitcombe,quintina.whitcombe@flipopia.com,Female,Developer II,88000,TRUE
267,Ralph,Bayston,ralph.bayston@riffpath.com,Male,Accountant I,66000,TRUE
268,Dagmar,Paddington,dagmar.paddington@babbleset.com,Female,Staff Scientist,67800,FALSE
269,Charmain,Pilmoor,charmain.pilmoor@oyope.com,Female,VP Sales,67000,TRUE
270,Cassaundra,Voyce,cassaundra.voyce@skiptube.com,Female,Assistant Media Planner,46000,FALSE
271,Vernon,Fillon,vernon.fillon@skinder.com,Male,Help Desk Operator,80000,FALSE
272,Benedetto,Hannant,benedetto.hannant@jaxworks.com,Male,Internal Auditor,90000,TRUE
273,Dallis,Northridge,dallis.northridge@skinix.com,Male,Chief Design Engineer,75000,TRUE
274,Xena,de Clerc,xena.de clerc@aivee.com,Female,Chief Design Engineer,98000,FALSE
275,Benoit,Menguy,benoit.menguy@zoombox.com,Male,Senior Cost Accountant,120000,TRUE
276,Tracy,Reardon,tracy.reardon@jamia.com,Male,Environmental Tech,87000,TRUE
277,Harrietta,Everiss,harrietta.everiss@riffpath.com,Female,Electrical Engineer,67000,TRUE
278,Bradney,Rooze,bradney.rooze@kwimbee.com,Male,Help Desk Operator,46000,TRUE
279,Ashley,Lesek,ashley.lesek@divanoodle.com,Female,Administrative Officer,98000,TRUE
280,Becky,Mayhew,becky.mayhew@centimia.com,Female,VP Quality Control,99000,FALSE
281,Birgitta,Millgate,birgitta.millgate@chatterbridge.com,Female,VP Sales,34888,FALSE
282,Clarinda,Samwaye,clarinda.samwaye@ntags.com,Female,Civil Engineer,123000,TRUE
283,Ivie,Sagg,ivie.sagg@jaxnation.com,Female,Civil Engineer,100000,FALSE
284,Molly,Mellsop,molly.mellsop@oyoyo.com,Female,Financial Advisor,67000,FALSE
285,Philippa,Korneichik,philippa.korneichik@podcat.com,Female,VP Quality Control,88000,FALSE
286,Carmita,Joannic,carmita.joannic@yata.com,Female,Computer Systems Analyst I,66000,TRUE
287,Ediva,Thiem,ediva.thiem@realbuzz.com,Female,Database Administrator IV,67800,TRUE
288,Legra,Angel,legra.angel@centidel.com,Female,Software Consultant,67000,FALSE
289,Aylmer,Bruckmann,aylmer.bruckmann@pixoboo.com,Male,Chief Design Engineer,46000,TRUE
290,Orsa,Lintall,orsa.lintall@vinte.com,Female,Civil Engineer,80000,FALSE
291,Cary,Wride,cary.wride@mydeo.com,Female,Civil Engineer,90000,FALSE
292,Jacinta,Ruffli,jacinta.ruffli@topicblab.com,Female,Web Developer II,75000,TRUE
293,Faye,Gino,faye.gino@realblab.com,Female,Account Representative I,98000,TRUE
294,Paulette,Lagadu,paulette.lagadu@leenti.com,Female,Accountant I,120000,FALSE
295,Aleda,Meekins,aleda.meekins@topiczoom.com,Female,Electrical Engineer,87000,TRUE
296,Reiko,Rummery,reiko.rummery@babblestorm.com,Female,Health Coach III,67000,TRUE
297,Barth,Ruddock,barth.ruddock@jaxnation.com,Male,Sales Associate,46000,TRUE
298,Mikkel,Southwell,mikkel.southwell@thoughtstorm.com,Male,Assistant Media Planner,98000,TRUE
299,Waldo,Jolliff,waldo.jolliff@voomm.com,Male,VP Sales,99000,TRUE
300,Jan,Lemasney,jan.lemasney@zoombox.com,Male,Database Administrator IV,34888,FALSE
301,Laney,Manlow,laney.manlow@oyoyo.com,Male,VP Quality Control,123000,FALSE
302,Lettie,Nono,lettie.nono@riffpath.com,Female,Geological Engineer,100000,TRUE
303,Dewey,Aslott,dewey.aslott@topicware.com,Male,Electrical Engineer,67000,FALSE
304,Zaneta,Codner,zaneta.codner@skinder.com,Female,Staff Accountant I,88000,FALSE
305,Romonda,McCunn,romonda.mccunn@photospace.com,Female,Internal Auditor,66000,FALSE
306,Dmitri,Michallat,dmitri.michallat@skajo.com,Male,Media Manager IV,67800,TRUE
307,Trumann,Stritton,trumann.stritton@jaloo.com,Male,Food Chemist,67000,TRUE
308,Fayre,Gawthrope,fayre.gawthrope@trilith.com,Female,Health Coach III,46000,FALSE
309,Consolata,Roocroft,consolata.roocroft@voomm.com,Female,Senior Cost Accountant,80000,TRUE
310,Packston,Fishburn,packston.fishburn@gabspot.com,Male,Accounting Assistant I,90000,FALSE
311,Selena,Stockbridge,selena.stockbridge@flashpoint.com,Female,Web Developer I,75000,FALSE
312,Saree,Portman,saree.portman@topiczoom.com,Female,Developer II,98000,TRUE
313,Dalli,Blasoni,dalli.blasoni@oyonder.com,Male,VP Product Management,80000,TRUE
314,Ester,Worstall,ester.worstall@lajo.com,Female,Electrical Engineer,90000,FALSE
315,Sherm,Celez,sherm.celez@flashspan.com,Male,Accountant I,75000,TRUE
316,Allie,Degoix,allie.degoix@skynoodle.com,Male,Design Engineer,98000,TRUE
317,Dilan,Dybald,dilan.dybald@flipstorm.com,Male,Software Consultant,120000,TRUE
318,Cthrine,Fratczak,cthrine.fratczak@dynava.com,Female,Chief Design Engineer,87000,TRUE
319,Norbie,Cultcheth,norbie.cultcheth@wikibox.com,Male,Food Chemist,67000,TRUE
320,Catie,Hatje,catie.hatje@zoomdog.com,Female,Senior Cost Accountant,46000,FALSE
321,Shannah,Markovich,shannah.markovich@babbleset.com,Female,VP Accounting,98000,FALSE
322,Tommie,Meedendorpe,tommie.meedendorpe@meembee.com,Female,Electrical Engineer,99000,TRUE
323,Gal,Jewess,gal.jewess@topiczoom.com,Male,Web Developer II,34888,FALSE
324,Angelle,Andriuzzi,angelle.andriuzzi@flipopia.com,Female,Civil Engineer,123000,FALSE
325,Maressa,Schimoni,maressa.schimoni@roodel.com,Female,Systems Administrator II,100000,FALSE
326,Holli,Renihan,holli.renihan@flipstorm.com,Female,VP Product Management,67000,TRUE
327,Hedvig,Alty,hedvig.alty@skynoodle.com,Female,Systems Administrator II,88000,TRUE
328,Danna,Hafner,danna.hafner@latz.com,Female,Chief Design Engineer,66000,FALSE
329,Carlie,Annis,carlie.annis@einti.com,Male,Cost Accountant,67800,TRUE
330,Nell,Darth,nell.darth@buzzster.com,Female,Health Coach III,67000,FALSE
331,Devlin,Burrell,devlin.burrell@jamia.com,Male,Biostatistician III,46000,FALSE
332,Sharai,Lutz,sharai.lutz@lazz.com,Female,Administrative Officer,80000,TRUE
333,Jessey,Lett,jessey.lett@trilith.com,Male,Staff Scientist,90000,TRUE
334,Lulu,Haddick,lulu.haddick@zoombox.com,Female,Chemical Engineer,75000,FALSE
335,Wyndham,Beeson,wyndham.beeson@skiptube.com,Male,Electrical Engineer,98000,TRUE
336,Edsel,Grishaev,edsel.grishaev@buzzshare.com,Male,Systems Administrator IV,120000,TRUE
337,Pietrek,Swindin,pietrek.swindin@lajo.com,Male,Accountant I,87000,TRUE
338,Kelwin,Beer,kelwin.beer@dabjam.com,Male,Media Manager IV,67000,TRUE
339,Dewey,Gollin,dewey.gollin@realbuzz.com,Male,Help Desk Technician,46000,TRUE
340,Goldie,McQuorkel,goldie.mcquorkel@wordpedia.com,Female,Assistant Media Planner,98000,FALSE
341,Keen,Fibbens,keen.fibbens@wordpedia.com,Male,Community Outreach Specialist,99000,FALSE
342,Rainer,Nieass,rainer.nieass@leenti.com,Male,Chief Design Engineer,34888,TRUE
343,Petr,Spollen,petr.spollen@skynoodle.com,Male,Systems Administrator II,123000,FALSE
344,Cleve,Longea,cleve.longea@youbridge.com,Male,Accountant I,100000,FALSE
345,Nanice,Eastbury,nanice.eastbury@voolith.com,Female,Structural Analysis Engineer,67000,FALSE
346,Victoir,Creebo,victoir.creebo@yozio.com,Male,Account Representative I,88000,TRUE
347,Adelle,Sedge,adelle.sedge@skaboo.com,Female,Cost Accountant,66000,TRUE
348,Knox,Cullerne,knox.cullerne@roodel.com,Male,Structural Analysis Engineer,67800,FALSE
349,Zerk,Euler,zerk.euler@skimia.com,Male,Chemical Engineer,67000,TRUE
350,Graig,Clayworth,graig.clayworth@zoombox.com,Male,VP Product Management,46000,FALSE
351,Anneliese,Adanez,anneliese.adanez@photospace.com,Female,Chief Design Engineer,80000,FALSE
352,Tirrell,Chiverstone,tirrell.chiverstone@skajo.com,Male,Structural Analysis Engineer,90000,TRUE
353,Jessamyn,Klais,jessamyn.klais@leenti.com,Female,Civil Engineer,75000,TRUE
354,Ellery,Heardman,ellery.heardman@rhynyx.com,Male,Civil Engineer,98000,FALSE
355,Federico,Candish,federico.candish@topicblab.com,Male,Administrative Officer,120000,TRUE
356,Adolf,Kerton,adolf.kerton@trilia.com,Male,Assistant Media Planner,87000,TRUE
357,Odelia,Smallshaw,odelia.smallshaw@linkbridge.com,Female,Cost Accountant,67000,TRUE
358,Pablo,Jeannaud,pablo.jeannaud@dabjam.com,Male,VP Product Management,46000,TRUE
359,Margette,Job,margette.job@buzzster.com,Female,Software Consultant,98000,TRUE
360,Beverlie,Jarnell,beverlie.jarnell@shuffledrive.com,Female,Software Consultant,99000,FALSE
361,Willette,Spoole,willette.spoole@blogxs.com,Female,Database Administrator IV,34888,FALSE
362,Wilbert,Hoyle,wilbert.hoyle@voomm.com,Male,Computer Systems Analyst I,123000,TRUE
363,Chickie,Thornton,chickie.thornton@zoomdog.com,Female,Civil Engineer,100000,FALSE
364,Sisile,Airth,sisile.airth@oyondu.com,Female,Account Representative I,67000,FALSE
365,Shir,Allix,shir.allix@realbridge.com,Female,Electrical Engineer,88000,FALSE
366,Frank,Shewon,frank.shewon@buzzshare.com,Female,Accountant I,66000,TRUE
367,Gilemette,Eakly,gilemette.eakly@photospace.com,Female,Staff Scientist,67800,TRUE
368,Marieann,Bowskill,marieann.bowskill@twimbo.com,Female,VP Product Management,67000,FALSE
369,Chuck,Ollie,chuck.ollie@voomm.com,Male,Chief Design Engineer,46000,TRUE
370,Redd,Maltby,redd.maltby@yodoo.com,Male,Cost Accountant,80000,FALSE
371,Wren,Speke,wren.speke@cogidoo.com,Female,Web Developer I,90000,FALSE
372,Laurella,Stepto,laurella.stepto@skaboo.com,Female,Electrical Engineer,75000,TRUE
373,Twyla,Gerauld,twyla.gerauld@ainyx.com,Female,VP Accounting,98000,TRUE
374,Sullivan,Farrent,sullivan.farrent@voomm.com,Male,Help Desk Technician,120000,FALSE
375,Ravid,Cirlos,ravid.cirlos@ntags.com,Male,VP Accounting,87000,TRUE
376,Wells,Edes,wells.edes@shufflebeat.com,Male,Administrative Officer,67000,TRUE
377,Jamill,Burchett,jamill.burchett@ntag.com,Male,Accounting Assistant I,46000,TRUE
378,Rickie,Caroli,rickie.caroli@gabtune.com,Male,Electrical Engineer,98000,TRUE
379,Leonora,Secret,leonora.secret@rhybox.com,Female,Health Coach III,99000,TRUE
380,Josias,Pudden,josias.pudden@flipbug.com,Male,Chemical Engineer,34888,FALSE
381,Willard,Bugler,willard.bugler@meetz.com,Male,Sales Associate,123000,FALSE
382,Jessamyn,Dorgan,jessamyn.dorgan@twimbo.com,Female,Chemical Engineer,100000,TRUE
383,Odelinda,Bilbie,odelinda.bilbie@skajo.com,Female,Administrative Officer,67000,FALSE
384,Whit,Wilstead,whit.wilstead@oyoyo.com,Male,Design Engineer,88000,FALSE
385,Killie,McGill,killie.mcgill@roodel.com,Male,Electrical Engineer,66000,FALSE
386,Kameko,Childers,kameko.childers@roomm.com,Female,Chief Design Engineer,67800,TRUE
387,Darin,Minchi,darin.minchi@innoz.com,Male,Health Coach III,67000,TRUE
388,Tobe,Roloff,tobe.roloff@feedbug.com,Female,Staff Scientist,46000,FALSE
389,Norbert,Bannon,norbert.bannon@tekfly.com,Male,Staff Accountant I,80000,TRUE
390,Tracie,Mallinder,tracie.mallinder@oyope.com,Female,Software Consultant,90000,FALSE
391,Meade,McReidy,meade.mcreidy@photolist.com,Male,Food Chemist,75000,FALSE
392,Locke,Heed,locke.heed@linkbuzz.com,Male,Structural Analysis Engineer,98000,TRUE
393,Yolane,Shoubridge,yolane.shoubridge@gabtune.com,Female,VP Quality Control,120000,TRUE
394,Artemis,McBean,artemis.mcbean@podcat.com,Male,Electrical Engineer,87000,FALSE
395,Garvin,Wholesworth,garvin.wholesworth@rhynoodle.com,Male,Environmental Tech,67000,TRUE
396,Marlo,Spittles,marlo.spittles@gabtune.com,Male,Staff Accountant I,46000,TRUE
397,Putnem,Swadlen,putnem.swadlen@linktype.com,Male,Geological Engineer,98000,TRUE
398,Ive,Saxby,ive.saxby@youopia.com,Male,Accounting Assistant I,99000,TRUE
399,Ambrosio,Bousfield,ambrosio.bousfield@photolist.com,Male,Help Desk Technician,34888,TRUE
400,Jolyn,Amos,jolyn.amos@jaxnation.com,Female,Environmental Tech,123000,FALSE
401,Westbrooke,Ceaplen,westbrooke.ceaplen@gabtune.com,Male,Office Assistant I,100000,FALSE
402,Daisy,Barnardo,daisy.barnardo@jabbercube.com,Female,Database Administrator IV,67000,TRUE
403,Selig,Heinsen,selig.heinsen@skinix.com,Male,Staff Scientist,88000,FALSE
404,Ned,Derry,ned.derry@jetwire.com,Male,Accounting Assistant I,66000,FALSE
405,Whittaker,Winterbotham,whittaker.winterbotham@flashpoint.com,Male,Chief Design Engineer,67800,FALSE
406,Karoly,Babalola,karoly.babalola@jamia.com,Female,Chief Design Engineer,67000,TRUE
407,Carolyne,Arnall,carolyne.arnall@mydeo.com,Female,Account Representative I,46000,TRUE
408,Corey,Kingsley,corey.kingsley@skynoodle.com,Female,Cost Accountant,80000,FALSE
409,Aline,Cassey,aline.cassey@brainlounge.com,Female,Staff Scientist,90000,TRUE
410,Teodoor,Duce,teodoor.duce@eazzy.com,Male,Systems Administrator II,75000,FALSE
411,Maighdiln,Rissom,maighdiln.rissom@gabtune.com,Female,Geological Engineer,98000,FALSE
412,Ambrosius,Kmietsch,ambrosius.kmietsch@shufflebeat.com,Male,Accountant I,80000,TRUE
413,Parnell,Rizzolo,parnell.rizzolo@thoughtsphere.com,Male,Accountant I,90000,TRUE
414,Marion,Iacovides,marion.iacovides@realbuzz.com,Male,Chief Design Engineer,75000,FALSE
415,Gerrard,Patria,gerrard.patria@oyoyo.com,Male,Account Representative I,98000,TRUE
416,Paddie,Venton,paddie.venton@geba.com,Male,Computer Systems Analyst I,120000,TRUE
417,Emmey,Noades,emmey.noades@jabbertype.com,Female,Sales Associate,87000,TRUE
418,Channa,Whereat,channa.whereat@skinix.com,Female,Geological Engineer,67000,TRUE
419,Freda,Labba,freda.labba@mybuzz.com,Female,Web Developer I,46000,TRUE
420,Geri,Gell,geri.gell@edgewire.com,Male,Community Outreach Specialist,98000,FALSE
421,Gertrude,Sheahan,gertrude.sheahan@oyondu.com,Female,Health Coach III,99000,FALSE
422,Dorie,Colvin,dorie.colvin@jatri.com,Male,Account Representative I,34888,TRUE
423,Alano,Berge,alano.berge@trilith.com,Male,Staff Scientist,123000,FALSE
424,Jamaal,Saban,jamaal.saban@zoomdog.com,Male,VP Quality Control,100000,FALSE
425,Roxanne,Acutt,roxanne.acutt@wordpedia.com,Female,Cost Accountant,67000,FALSE
426,Rozanna,Galley,rozanna.galley@linktype.com,Female,Staff Scientist,88000,TRUE
427,Karry,Gritsunov,karry.gritsunov@gabtune.com,Female,Web Developer I,66000,TRUE
428,Anatol,Addicott,anatol.addicott@quatz.com,Male,Account Representative I,67800,FALSE
429,Eugenio,Ebbins,eugenio.ebbins@flipstorm.com,Male,Civil Engineer,67000,TRUE
430,Adamo,Skingle,adamo.skingle@skiptube.com,Male,Community Outreach Specialist,46000,FALSE
431,Arty,Daber,arty.daber@voomm.com,Male,Cost Accountant,80000,FALSE
432,Celina,Lackeye,celina.lackeye@pixoboo.com,Female,Environmental Tech,90000,TRUE
433,Briggs,Drinnan,briggs.drinnan@lajo.com,Male,Civil Engineer,75000,TRUE
434,Travis,Fant,travis.fant@skajo.com,Male,Web Developer I,98000,FALSE
435,Garreth,Hannant,garreth.hannant@edgewire.com,Male,Assistant Media Planner,120000,TRUE
436,Reamonn,Romanetti,reamonn.romanetti@oyondu.com,Male,Environmental Tech,87000,TRUE
437,Elianore,Stronough,elianore.stronough@feedbug.com,Female,VP Accounting,67000,TRUE
438,Marchall,Rubinowitch,marchall.rubinowitch@bubbletube.com,Male,VP Product Management,46000,TRUE
439,Dene,Fassam,dene.fassam@thoughtmix.com,Male,Office Assistant I,98000,TRUE
440,Maxie,Dunsford,maxie.dunsford@pixoboo.com,Female,Health Coach III,99000,FALSE
441,Reggi,Accombe,reggi.accombe@ntags.com,Female,Staff Scientist,34888,FALSE
442,Hermia,Veasey,hermia.veasey@devify.com,Female,Community Outreach Specialist,123000,TRUE
443,Sergei,Handrik,sergei.handrik@katz.com,Male,Chief Design Engineer,100000,FALSE
444,Warde,Danilovic,warde.danilovic@jaxworks.com,Male,Systems Administrator IV,67000,FALSE
445,Sybyl,Paroni,sybyl.paroni@shuffledrive.com,Female,Chief Design Engineer,88000,FALSE
446,Kalil,Copnall,kalil.copnall@eazzy.com,Male,Chemical Engineer,66000,TRUE
447,Retha,Virgoe,retha.virgoe@voolith.com,Female,Sales Associate,67800,TRUE
448,Avrit,Lipyeat,avrit.lipyeat@jabbercube.com,Female,Help Desk Technician,67000,FALSE
449,Kerry,Atchly,kerry.atchly@yakijo.com,Male,Sales Associate,46000,TRUE
450,Dominica,Ruggier,dominica.ruggier@ntags.com,Female,Developer II,80000,FALSE
451,Elbert,Milius,elbert.milius@oyonder.com,Male,Web Developer I,90000,FALSE
452,Falkner,Nardrup,falkner.nardrup@jabbercube.com,Male,Biostatistician III,75000,TRUE
453,Catrina,Cellone,catrina.cellone@skynoodle.com,Female,Electrical Engineer,98000,TRUE
454,Andee,Dockwra,andee.dockwra@thoughtstorm.com,Female,Chief Design Engineer,120000,FALSE
455,Tabbatha,Alessandrucci,tabbatha.alessandrucci@katz.com,Female,Community Outreach Specialist,87000,TRUE
456,Kermit,McEachern,kermit.mceachern@browsetype.com,Male,Administrative Officer,67000,TRUE
457,Chloe,Bilborough,chloe.bilborough@flipstorm.com,Female,Administrative Officer,46000,TRUE
458,Leanor,Hucknall,leanor.hucknall@skyble.com,Female,Community Outreach Specialist,98000,TRUE
459,Hall,Freeborne,hall.freeborne@kare.com,Male,Environmental Tech,99000,TRUE
460,Dorothea,Stivers,dorothea.stivers@quatz.com,Female,Staff Accountant I,34888,FALSE
461,Nicky,Devonside,nicky.devonside@mymm.com,Male,Account Representative I,123000,FALSE
462,Rourke,Drover,rourke.drover@vinte.com,Male,VP Quality Control,100000,TRUE
463,Patten,Malinowski,patten.malinowski@twiyo.com,Male,Web Developer II,67000,FALSE
464,Toddy,Calltone,toddy.calltone@blogspan.com,Male,Database Administrator IV,88000,FALSE
465,Marion,Jedrzejczyk,marion.jedrzejczyk@twimbo.com,Male,Health Coach III,66000,FALSE
466,Tremayne,Yearne,tremayne.yearne@skinix.com,Male,Civil Engineer,67800,TRUE
467,Trenna,Leeke,trenna.leeke@tagfeed.com,Female,VP Product Management,67000,TRUE
468,Clio,Reuter,clio.reuter@thoughtstorm.com,Female,Office Assistant I,46000,FALSE
469,L;urette,Bradnum,l;urette.bradnum@ainyx.com,Female,Account Representative I,80000,TRUE
470,Solly,Heninghem,solly.heninghem@layo.com,Male,Help Desk Technician,90000,FALSE
471,Tonnie,Paddefield,tonnie.paddefield@topiczoom.com,Male,Community Outreach Specialist,75000,FALSE
472,Jameson,Bracey,jameson.bracey@quatz.com,Male,Chemical Engineer,98000,TRUE
473,Elsinore,Grigolli,elsinore.grigolli@realblab.com,Female,Help Desk Technician,120000,TRUE
474,Kimmie,Float,kimmie.float@photobug.com,Female,Help Desk Operator,87000,FALSE
475,Dill,Cowoppe,dill.cowoppe@photobug.com,Male,Community Outreach Specialist,67000,TRUE
476,Angie,Leale,angie.leale@gabspot.com,Male,Health Coach III,46000,TRUE
477,Solly,Petrenko,solly.petrenko@kwimbee.com,Male,Civil Engineer,98000,TRUE
478,Kara-lynn,Trayton,kara-lynn.trayton@innoz.com,Female,VP Quality Control,99000,TRUE
479,Sib,Craske,sib.craske@topiczoom.com,Female,Staff Scientist,34888,TRUE
480,Vicky,Bleackley,vicky.bleackley@shufflebeat.com,Female,Internal Auditor,123000,FALSE
481,Emmott,Fayre,emmott.fayre@blogxs.com,Male,Community Outreach Specialist,100000,FALSE
482,Lanette,Crookall,lanette.crookall@gigabox.com,Female,Civil Engineer,67000,TRUE
483,Menard,McCullough,menard.mccullough@browsetype.com,Male,Chief Design Engineer,88000,FALSE
484,Minta,Tidy,minta.tidy@mynte.com,Female,Developer II,66000,FALSE
485,Temple,O'Cooney,temple.o'cooney@realbridge.com,Male,Senior Cost Accountant,67800,FALSE
486,Eolanda,Hinze,eolanda.hinze@twiyo.com,Female,Accounting Assistant I,67000,TRUE
487,Hannis,Tie,hannis.tie@skiptube.com,Female,VP Quality Control,46000,TRUE
488,Jilli,Tomaskov,jilli.tomaskov@skidoo.com,Female,Chemical Engineer,80000,FALSE
489,Johanna,Galtone,johanna.galtone@devify.com,Female,Help Desk Technician,90000,TRUE
490,Izabel,Duffill,izabel.duffill@thoughtstorm.com,Female,Help Desk Technician,75000,FALSE
491,Misha,Blois,misha.blois@thoughtstorm.com,Female,Systems Administrator II,98000,FALSE
492,Reba,Fairbrass,reba.fairbrass@fliptune.com,Female,Chemical Engineer,120000,TRUE
493,Ferguson,Canty,ferguson.canty@ntags.com,Male,VP Sales,87000,TRUE
494,Dulce,Yabsley,dulce.yabsley@flipbug.com,Female,Structural Analysis Engineer,67000,FALSE
495,Fielding,Eltone,fielding.eltone@bubbletube.com,Male,Community Outreach Specialist,46000,TRUE
496,Sam,Dobbings,sam.dobbings@browsebug.com,Male,VP Product Management,98000,TRUE
497,Roxanna,Klaes,roxanna.klaes@flashpoint.com,Female,Chief Design Engineer,99000,TRUE
498,Giraud,Serraillier,giraud.serraillier@voolith.com,Male,Administrative Officer,34888,TRUE
499,Borg,Falla,borg.falla@oyonder.com,Male,Systems Administrator II,123000,TRUE
500,Inger,Yewdale,inger.yewdale@ntags.com,Female,Health Coach III,100000,FALSE
501,Libbi,Houtbie,libbi.houtbie@ntags.com,Female,Civil Engineer,67000,FALSE
502,Madeleine,de Mendoza,madeleine.de mendoza@fivebridge.com,Female,Electrical Engineer,88000,TRUE
503,Nikola,Berthome,nikola.berthome@avamba.com,Male,Internal Auditor,66000,FALSE
504,Viole,Poolman,viole.poolman@oyope.com,Female,Environmental Tech,67800,FALSE
505,Valdemar,Gaize,valdemar.gaize@skajo.com,Male,Developer II,67000,FALSE
506,Svend,Kingaby,svend.kingaby@zoombox.com,Male,Staff Accountant I,46000,TRUE
507,Rutter,Urwin,rutter.urwin@zoomdog.com,Male,Health Coach III,80000,TRUE
508,Amelita,Briscoe,amelita.briscoe@oyoyo.com,Female,Staff Scientist,90000,FALSE
509,Flore,Pavlik,flore.pavlik@shufflebeat.com,Female,Staff Accountant I,75000,TRUE
510,Carmelita,De Micoli,carmelita.de micoli@eidel.com,Female,Help Desk Technician,98000,FALSE
511,Jaquenetta,Pendrigh,jaquenetta.pendrigh@aibox.com,Female,Community Outreach Specialist,80000,FALSE
512,Stewart,Lande,stewart.lande@realpoint.com,Male,Health Coach III,90000,TRUE
513,Teddi,Dewicke,teddi.dewicke@flashpoint.com,Female,Developer II,75000,TRUE
514,Gino,Minguet,gino.minguet@einti.com,Male,Systems Administrator II,98000,FALSE
515,Nicole,Winkett,nicole.winkett@skipstorm.com,Female,Community Outreach Specialist,120000,TRUE
516,Jeana,Freak,jeana.freak@rhybox.com,Female,Electrical Engineer,87000,TRUE
517,Clayton,Stean,clayton.stean@flipstorm.com,Male,Help Desk Technician,67000,TRUE
518,Nial,Challenor,nial.challenor@thoughtbridge.com,Male,Environmental Tech,46000,TRUE
519,Guenna,Ritzman,guenna.ritzman@rhyzio.com,Female,Civil Engineer,98000,TRUE
520,Etan,Danit,etan.danit@agivu.com,Male,Web Developer I,99000,FALSE
521,Stanislas,Greenroyd,stanislas.greenroyd@babblestorm.com,Male,Biostatistician III,34888,FALSE
522,Suzie,Bremmer,suzie.bremmer@yozio.com,Female,Database Administrator IV,123000,TRUE
523,Mario,Littleover,mario.littleover@brainlounge.com,Male,Developer II,100000,FALSE
524,Leshia,Rutledge,leshia.rutledge@rhynyx.com,Female,Environmental Tech,67000,FALSE
525,Weidar,Cleworth,weidar.cleworth@browsetype.com,Male,Accountant I,88000,FALSE
526,Dacie,Riddeough,dacie.riddeough@geba.com,Female,Staff Scientist,66000,TRUE
527,Kincaid,Duplock,kincaid.duplock@shufflebeat.com,Male,Sales Associate,67800,TRUE
528,Avis,Wilkin,avis.wilkin@buzzster.com,Female,VP Accounting,67000,FALSE
529,Josephina,Drexel,josephina.drexel@skiptube.com,Female,Database Administrator IV,46000,TRUE
530,Christel,Davana,christel.davana@linktype.com,Female,Chief Design Engineer,80000,FALSE
531,North,Knox,north.knox@kwimbee.com,Male,Cost Accountant,90000,FALSE
532,Craggy,Jagiello,craggy.jagiello@skipstorm.com,Male,Developer II,75000,TRUE
533,Kylie,Gotthard.sf,kylie.gotthard.sf@youbridge.com,Female,VP Sales,98000,TRUE
534,Dayle,Tomisch,dayle.tomisch@mydeo.com,Female,Electrical Engineer,120000,FALSE
535,Alan,Hing,alan.hing@topiczoom.com,Male,Internal Auditor,87000,TRUE
536,Giordano,Robb,giordano.robb@einti.com,Male,Chief Design Engineer,67000,TRUE
537,Patric,Bage,patric.bage@twimbo.com,Male,Staff Scientist,46000,TRUE
538,Vivie,Larby,vivie.larby@photolist.com,Female,Cost Accountant,98000,TRUE
539,Brandyn,Lowsely,brandyn.lowsely@flipstorm.com,Male,Internal Auditor,99000,TRUE
540,Welbie,Greenrod,welbie.greenrod@brainlounge.com,Male,Financial Advisor,34888,FALSE
541,Heall,Bilborough,heall.bilborough@realbuzz.com,Male,Media Manager IV,123000,FALSE
542,Rolando,Toten,rolando.toten@innoz.com,Male,Chemical Engineer,100000,TRUE
543,Emmery,Isakovic,emmery.isakovic@brainlounge.com,Male,Chief Design Engineer,67000,FALSE
544,Tabbie,Pullen,tabbie.pullen@twimbo.com,Female,Developer II,88000,FALSE
545,Gipsy,Fagence,gipsy.fagence@fivebridge.com,Female,Software Consultant,66000,FALSE
546,Sheridan,Manolov,sheridan.manolov@yodoo.com,Male,Civil Engineer,67800,TRUE
547,Renato,Mogra,renato.mogra@skiptube.com,Male,Chief Design Engineer,67000,TRUE
548,Richie,Sibthorp,richie.sibthorp@blogpad.com,Male,Senior Cost Accountant,46000,FALSE
549,Sunny,Dunrige,sunny.dunrige@voomm.com,Female,Structural Analysis Engineer,80000,TRUE
550,Darci,Castro,darci.castro@buzzster.com,Female,Senior Cost Accountant,90000,FALSE
551,Roberto,Cookley,roberto.cookley@demivee.com,Male,Environmental Tech,75000,FALSE
552,Killy,Vigurs,killy.vigurs@edgewire.com,Male,Staff Scientist,98000,TRUE
553,Lock,Canty,lock.canty@topicblab.com,Male,Accounting Assistant I,120000,TRUE
554,Zacharie,Olifaunt,zacharie.olifaunt@thoughtstorm.com,Male,Account Representative I,87000,FALSE
555,Cami,Cochran,cami.cochran@thoughtsphere.com,Female,Geological Engineer,67000,TRUE
556,Forrester,Ferrai,forrester.ferrai@bubbletube.com,Male,Account Representative I,46000,TRUE
557,Corbie,Schneidau,corbie.schneidau@roomm.com,Male,Cost Accountant,98000,TRUE
558,Erasmus,Leuren,erasmus.leuren@twitterlist.com,Male,VP Accounting,99000,TRUE
559,Allegra,Landrick,allegra.landrick@linkbridge.com,Female,Staff Scientist,34888,TRUE
560,Maisey,Deboy,maisey.deboy@gabtune.com,Female,Systems Administrator IV,123000,FALSE
561,Padgett,Colbrun,padgett.colbrun@lazz.com,Male,Staff Scientist,100000,FALSE
562,Launce,Cudiff,launce.cudiff@yoveo.com,Male,Help Desk Technician,67000,TRUE
563,Travus,Doick,travus.doick@jabbertype.com,Male,Office Assistant I,88000,FALSE
564,Kerr,Tolerton,kerr.tolerton@lazz.com,Male,Chief Design Engineer,66000,FALSE
565,Ali,Bygreaves,ali.bygreaves@thoughtsphere.com,Female,Senior Cost Accountant,67800,FALSE
566,Lamond,Cotillard,lamond.cotillard@jaloo.com,Male,Biostatistician III,67000,TRUE
567,Xenos,Housen,xenos.housen@skinix.com,Male,Systems Administrator II,46000,TRUE
568,Louisa,Norris,louisa.norris@oloo.com,Female,Media Manager IV,80000,FALSE
569,Claresta,Jamson,claresta.jamson@aibox.com,Female,Administrative Officer,90000,TRUE
570,Shannen,Custed,shannen.custed@twimbo.com,Female,Staff Accountant I,75000,FALSE
571,Nana,Silley,nana.silley@thoughtstorm.com,Female,Biostatistician III,98000,FALSE
572,Lurleen,Matthews,lurleen.matthews@mybuzz.com,Female,Internal Auditor,120000,TRUE
573,Danita,Thorwarth,danita.thorwarth@feedbug.com,Female,Community Outreach Specialist,87000,TRUE
574,Aridatha,Benedettini,aridatha.benedettini@katz.com,Female,Help Desk Technician,67000,FALSE
575,Shel,McIan,shel.mcian@abatz.com,Female,Help Desk Technician,46000,TRUE
576,Valencia,Streetfield,valencia.streetfield@shufflebeat.com,Female,Environmental Tech,98000,TRUE
577,Wiatt,Oloman,wiatt.oloman@leenti.com,Male,Environmental Tech,99000,TRUE
578,Lauretta,Offen,lauretta.offen@yakijo.com,Female,Staff Scientist,34888,TRUE
579,Melonie,Rubinek,melonie.rubinek@blogtags.com,Female,Civil Engineer,123000,TRUE
580,Walker,Dureden,walker.dureden@avamba.com,Male,Help Desk Operator,100000,FALSE
581,Chariot,Fairholme,chariot.fairholme@agivu.com,Male,Electrical Engineer,67000,FALSE
582,Erasmus,Yeardsley,erasmus.yeardsley@realbridge.com,Male,Community Outreach Specialist,88000,TRUE
583,Imogene,Duxbarry,imogene.duxbarry@shufflebeat.com,Female,Structural Analysis Engineer,66000,FALSE
584,Brice,Cymper,brice.cymper@skipstorm.com,Male,Systems Administrator IV,67800,FALSE
585,Edmon,Gosnall,edmon.gosnall@vidoo.com,Male,Civil Engineer,67000,FALSE
586,Neill,Datte,neill.datte@vinte.com,Male,Computer Systems Analyst I,46000,TRUE
587,Cyndia,Sowthcote,cyndia.sowthcote@flashpoint.com,Female,VP Accounting,80000,TRUE
588,Bing,Pensom,bing.pensom@pixoboo.com,Male,VP Sales,90000,FALSE
589,Darsie,Kmicicki,darsie.kmicicki@twitterlist.com,Female,Computer Systems Analyst I,75000,TRUE
590,Bertina,Challis,bertina.challis@photospace.com,Female,VP Quality Control,98000,FALSE
591,Sherm,Aylmore,sherm.aylmore@skinder.com,Male,Media Manager IV,120000,FALSE
592,Erek,Giordano,erek.giordano@layo.com,Male,Assistant Media Planner,87000,TRUE
593,Janina,Halworth,janina.halworth@linkbridge.com,Female,Help Desk Technician,67000,TRUE
594,Elnar,Lambillion,elnar.lambillion@blognation.com,Male,Web Developer II,46000,FALSE
595,Jereme,Bretherton,jereme.bretherton@mydo.com,Male,Food Chemist,98000,TRUE
596,Xenos,Blanking,xenos.blanking@pixoboo.com,Male,Cost Accountant,99000,TRUE
597,Fionnula,Candlish,fionnula.candlish@layo.com,Female,Cost Accountant,34888,TRUE
598,Jennee,Prestie,jennee.prestie@agivu.com,Female,Cost Accountant,123000,TRUE
599,Pattin,Colyer,pattin.colyer@twitterbridge.com,Male,VP Quality Control,100000,TRUE
600,Fred,Kenton,fred.kenton@roomm.com,Male,Help Desk Technician,67000,FALSE
601,Arvin,Breit,arvin.breit@trilia.com,Male,Geological Engineer,88000,FALSE
602,Eliot,Jennison,eliot.jennison@twiyo.com,Male,Systems Administrator IV,66000,TRUE
603,Conrad,Darke,conrad.darke@trilia.com,Male,Research Assistant III,67800,FALSE
604,Gwynne,Codlin,gwynne.codlin@babbleset.com,Female,Financial Advisor,67000,FALSE
605,Benji,MacAnespie,benji.macanespie@cogidoo.com,Male,Community Outreach Specialist,46000,FALSE
606,Jackelyn,Zanazzi,jackelyn.zanazzi@edgeify.com,Female,Staff Accountant I,80000,TRUE
607,Correy,Nutty,correy.nutty@geba.com,Male,Chemical Engineer,90000,TRUE
608,Rafferty,Wellard,rafferty.wellard@lazz.com,Male,Systems Administrator II,75000,FALSE
609,Homerus,Brimman,homerus.brimman@pixope.com,Male,VP Quality Control,98000,TRUE
610,Lyndsay,Benbow,lyndsay.benbow@eidel.com,Female,VP Accounting,80000,FALSE
611,Maritsa,Ceschi,maritsa.ceschi@aivee.com,Female,Sales Associate,90000,FALSE
612,Aaren,Brinklow,aaren.brinklow@shufflebeat.com,Female,Civil Engineer,75000,TRUE
613,Cameron,Cleeve,cameron.cleeve@zoombox.com,Male,Help Desk Technician,98000,TRUE
614,Fields,Dell'Abbate,fields.dell'abbate@topiczoom.com,Male,VP Accounting,120000,FALSE
615,Tallia,Whicher,tallia.whicher@topicware.com,Female,VP Quality Control,87000,TRUE
616,Frannie,Wapol,frannie.wapol@eidel.com,Female,Cost Accountant,67000,TRUE
617,Eli,Londsdale,eli.londsdale@topicstorm.com,Male,Electrical Engineer,46000,TRUE
618,Felike,Ferentz,felike.ferentz@yotz.com,Male,Financial Advisor,98000,TRUE
619,Neil,Robardet,neil.robardet@shuffledrive.com,Male,Cost Accountant,99000,TRUE
620,Odell,Fost,odell.fost@leenti.com,Male,Environmental Tech,34888,FALSE
621,Rubin,Linklater,rubin.linklater@flashpoint.com,Male,Community Outreach Specialist,123000,FALSE
622,Nomi,Alexsandrov,nomi.alexsandrov@skidoo.com,Female,Electrical Engineer,100000,TRUE
623,Tiffani,Sworn,tiffani.sworn@oyope.com,Female,Systems Administrator II,67000,FALSE
624,Harper,Hendrich,harper.hendrich@leenti.com,Male,Community Outreach Specialist,88000,FALSE
625,Louella,Gergolet,louella.gergolet@blogtags.com,Female,Design Engineer,66000,FALSE
626,Moyra,Winterson,moyra.winterson@blogpad.com,Female,Electrical Engineer,67800,TRUE
627,Albertina,Miskimmon,albertina.miskimmon@podcat.com,Female,Research Assistant III,67000,TRUE
628,Arvy,Sandbatch,arvy.sandbatch@twimbo.com,Male,Systems Administrator II,46000,FALSE
629,Celinda,Cocke,celinda.cocke@layo.com,Female,Developer II,80000,TRUE
630,Ilyse,Pretious,ilyse.pretious@browsetype.com,Female,Cost Accountant,90000,FALSE
631,Inez,Huet,inez.huet@cogidoo.com,Female,Environmental Tech,75000,FALSE
632,Marshall,Gidman,marshall.gidman@rhyzio.com,Male,VP Product Management,98000,TRUE
633,Wilton,Newing,wilton.newing@voomm.com,Male,Help Desk Technician,120000,TRUE
634,Aron,Laraway,aron.laraway@photolist.com,Male,Staff Scientist,87000,FALSE
635,Humfrey,Eadmeades,humfrey.eadmeades@lajo.com,Male,Help Desk Technician,67000,TRUE
636,Angel,Klimshuk,angel.klimshuk@katz.com,Female,Web Developer I,46000,TRUE
637,Pierre,Dettmar,pierre.dettmar@jaxnation.com,Male,Help Desk Technician,98000,TRUE
638,Nerte,Zannolli,nerte.zannolli@jamia.com,Female,Cost Accountant,99000,TRUE
639,Fidole,Oldis,fidole.oldis@kwimbee.com,Male,Community Outreach Specialist,34888,TRUE
640,Tedmund,Curdell,tedmund.curdell@aivee.com,Male,Structural Analysis Engineer,123000,FALSE
641,Erena,Dyte,erena.dyte@flashpoint.com,Female,Account Representative I,100000,FALSE
642,Theadora,Edscer,theadora.edscer@podcat.com,Female,VP Quality Control,67000,TRUE
643,Cori,Rundle,cori.rundle@jabbercube.com,Male,Media Manager IV,88000,FALSE
644,Archy,Felix,archy.felix@leenti.com,Male,Environmental Tech,66000,FALSE
645,Jephthah,Ianittello,jephthah.ianittello@flipopia.com,Male,Systems Administrator II,67800,FALSE
646,Malcolm,Newlove,malcolm.newlove@kare.com,Male,Software Consultant,67000,TRUE
647,Laurel,Growy,laurel.growy@ntags.com,Female,Software Consultant,46000,TRUE
648,Jacquie,Salter,jacquie.salter@skinder.com,Female,VP Product Management,80000,FALSE
649,Ariadne,Grut,ariadne.grut@photolist.com,Female,Electrical Engineer,90000,TRUE
650,Benjamen,Deble,benjamen.deble@skynoodle.com,Male,Community Outreach Specialist,75000,FALSE
651,Devlen,Szymanzyk,devlen.szymanzyk@jabbercube.com,Male,Assistant Media Planner,98000,FALSE
652,Guglielma,Elvins,guglielma.elvins@thoughtstorm.com,Female,Account Representative I,120000,TRUE
653,Stace,Lambole,stace.lambole@trilith.com,Female,Cost Accountant,87000,TRUE
654,Simone,Jodrellec,simone.jodrellec@tekfly.com,Female,Assistant Media Planner,67000,FALSE
655,Rodolphe,Dyster,rodolphe.dyster@mymm.com,Male,Geological Engineer,46000,TRUE
656,Ulric,Roycroft,ulric.roycroft@eabox.com,Male,Staff Scientist,98000,TRUE
657,Dewitt,Doggerell,dewitt.doggerell@rhynyx.com,Male,Staff Scientist,99000,TRUE
658,Nicolai,Beyer,nicolai.beyer@innoz.com,Male,Database Administrator IV,34888,TRUE
659,Evvy,Brandon,evvy.brandon@meembee.com,Female,Chief Design Engineer,123000,TRUE
660,Suzann,Zmitrovich,suzann.zmitrovich@mydeo.com,Female,Civil Engineer,100000,FALSE
661,Conney,Girard,conney.girard@feedbug.com,Male,Accountant I,67000,FALSE
662,Claudian,Beautyman,claudian.beautyman@realbuzz.com,Male,Chief Design Engineer,88000,TRUE
663,Karolina,Bingell,karolina.bingell@yotz.com,Female,VP Accounting,66000,FALSE
664,Austen,Van der Beek,austen.van der beek@jabbertype.com,Male,Chemical Engineer,67800,FALSE
665,Corinna,Vaines,corinna.vaines@shufflebeat.com,Female,Cost Accountant,67000,FALSE
666,Northrup,Alsford,northrup.alsford@jetwire.com,Male,Cost Accountant,46000,TRUE
667,Sanson,Mockett,sanson.mockett@trilith.com,Male,Geological Engineer,80000,TRUE
668,Joanne,Gowdie,joanne.gowdie@yoveo.com,Female,Geological Engineer,90000,FALSE
669,Martelle,Baynon,martelle.baynon@jaxnation.com,Female,Web Developer I,75000,TRUE
670,Betta,Malinowski,betta.malinowski@dynazzy.com,Female,Community Outreach Specialist,98000,FALSE
671,Roslyn,McAleese,roslyn.mcaleese@eabox.com,Female,Systems Administrator IV,120000,FALSE
672,Gilbert,Woodson,gilbert.woodson@jabbercube.com,Male,Account Representative I,87000,TRUE
673,Todd,Crowest,todd.crowest@skajo.com,Male,Design Engineer,67000,TRUE
674,Cherlyn,Scrivinor,cherlyn.scrivinor@dynazzy.com,Female,Health Coach III,46000,FALSE
675,Daveta,Gerlts,daveta.gerlts@jaloo.com,Female,Environmental Tech,98000,TRUE
676,Brigitta,Fittes,brigitta.fittes@ntags.com,Female,Staff Scientist,99000,TRUE
677,Silvester,Shewry,silvester.shewry@mydeo.com,Male,Help Desk Operator,34888,TRUE
678,Valentijn,Beville,valentijn.beville@shufflebeat.com,Male,VP Product Management,123000,TRUE
679,Myrvyn,Fumagalli,myrvyn.fumagalli@jetpulse.com,Male,Account Representative I,100000,TRUE
680,Anallese,Odom,anallese.odom@edgewire.com,Female,Accounting Assistant I,67000,FALSE
681,Nicolis,Speak,nicolis.speak@buzzster.com,Male,Developer II,88000,FALSE
682,Jonis,Sellek,jonis.sellek@abatz.com,Female,Financial Advisor,66000,TRUE
683,Emeline,Batchellor,emeline.batchellor@flipopia.com,Female,Staff Scientist,67800,FALSE
684,Denny,Bartrap,denny.bartrap@twiyo.com,Female,Civil Engineer,67000,FALSE
685,Aubrette,Annesley,aubrette.annesley@trilith.com,Female,Senior Cost Accountant,46000,FALSE
686,Francisca,Markwelley,francisca.markwelley@realbuzz.com,Female,Sales Associate,80000,TRUE
687,Celka,Verson,celka.verson@flipstorm.com,Female,Electrical Engineer,90000,TRUE
688,Isidor,Morais,isidor.morais@trilith.com,Male,Environmental Tech,75000,FALSE
689,Cecilla,Enoch,cecilla.enoch@flipstorm.com,Female,Biostatistician III,98000,TRUE
690,Filippo,Mc Kellen,filippo.mc kellen@mymm.com,Male,Cost Accountant,120000,FALSE
691,Ian,Hare,ian.hare@camimbo.com,Male,Research Assistant III,87000,FALSE
692,Ulises,Fassbindler,ulises.fassbindler@topicblab.com,Male,Electrical Engineer,67000,TRUE
693,Lark,Wilmut,lark.wilmut@realblab.com,Female,Web Developer I,46000,TRUE
694,Megan,Angelo,megan.angelo@tagfeed.com,Female,Systems Administrator IV,98000,FALSE
695,Leupold,Dollen,leupold.dollen@meembee.com,Male,Food Chemist,99000,TRUE
696,Jennette,Merdew,jennette.merdew@voomm.com,Female,Financial Advisor,34888,TRUE
697,Donny,Scutching,donny.scutching@ntag.com,Male,Computer Systems Analyst I,123000,TRUE
698,Clarita,Ambroix,clarita.ambroix@rhybox.com,Female,Health Coach III,100000,TRUE
699,Josefina,Drewe,josefina.drewe@agivu.com,Female,Structural Analysis Engineer,67000,TRUE
700,Melina,Jobbings,melina.jobbings@quaxo.com,Female,Financial Advisor,88000,FALSE
701,Asia,Zylberdik,asia.zylberdik@gabtune.com,Female,Sales Associate,66000,FALSE
702,Gayel,Scholefield,gayel.scholefield@devify.com,Female,Administrative Officer,67800,TRUE
703,Celia,Skellion,celia.skellion@twimbo.com,Female,VP Quality Control,67000,FALSE
704,West,Persey,west.persey@linktype.com,Male,Computer Systems Analyst I,46000,FALSE
705,Randie,Winterburn,randie.winterburn@eabox.com,Female,Database Administrator IV,80000,FALSE
706,Mil,Yeardsley,mil.yeardsley@gabspot.com,Female,Staff Accountant I,90000,TRUE
707,Itch,Harrell,itch.harrell@vidoo.com,Male,Financial Advisor,75000,TRUE
708,Benjie,Peare,benjie.peare@meembee.com,Male,Media Manager IV,98000,FALSE
709,Barris,Tallon,barris.tallon@pixoboo.com,Male,Internal Auditor,80000,TRUE
710,Wyatt,Rawles,wyatt.rawles@twitterbridge.com,Male,Web Developer II,90000,FALSE
711,Grove,Verbeke,grove.verbeke@einti.com,Male,Chief Design Engineer,75000,FALSE
712,Ronny,Langhorne,ronny.langhorne@jatri.com,Female,Accountant I,98000,TRUE
713,Delaney,Iacopo,delaney.iacopo@gabspot.com,Male,Systems Administrator IV,120000,TRUE
714,Nolana,Dufty,nolana.dufty@buzzshare.com,Female,Office Assistant I,87000,FALSE
715,Codee,O'Loghlen,codee.o'loghlen@divanoodle.com,Female,Senior Cost Accountant,67000,TRUE
716,Marin,Flear,marin.flear@lajo.com,Female,Web Developer I,46000,TRUE
717,Bianca,Clowsley,bianca.clowsley@vidoo.com,Female,VP Accounting,98000,TRUE
718,Garret,Yemm,garret.yemm@quaxo.com,Male,Sales Associate,99000,TRUE
719,Andree,Fausch,andree.fausch@ntags.com,Female,Health Coach III,34888,TRUE
720,Nedda,Shacklady,nedda.shacklady@roombo.com,Female,Health Coach III,123000,FALSE
721,Filmore,Allbones,filmore.allbones@pixoboo.com,Male,Accountant I,100000,FALSE
722,Tuckie,Keford,tuckie.keford@jaxnation.com,Male,Chief Design Engineer,67000,TRUE
723,Conway,Faragan,conway.faragan@gabvine.com,Male,Chemical Engineer,88000,FALSE
724,Alastair,Kalderon,alastair.kalderon@oyonder.com,Male,Research Assistant III,66000,FALSE
725,Mace,Chaytor,mace.chaytor@pixoboo.com,Male,VP Accounting,67800,FALSE
726,Tatiania,Boagey,tatiania.boagey@lajo.com,Female,VP Sales,67000,TRUE
727,Rosalind,Follows,rosalind.follows@twimbo.com,Female,Staff Accountant I,46000,TRUE
728,Tracie,Klas,tracie.klas@aibox.com,Female,Database Administrator IV,80000,FALSE
729,Darius,Yuryichev,darius.yuryichev@vinte.com,Male,Account Representative I,90000,TRUE
730,Marcelline,Warratt,marcelline.warratt@devify.com,Female,Accounting Assistant I,75000,FALSE
731,Kirsten,Slate,kirsten.slate@zoomdog.com,Female,Geological Engineer,98000,FALSE
732,Dallis,Grace,dallis.grace@oyope.com,Male,VP Sales,120000,TRUE
733,Townsend,Djurkovic,townsend.djurkovic@oyondu.com,Male,Systems Administrator IV,87000,TRUE
734,Noe,Trehearne,noe.trehearne@voomm.com,Male,Health Coach III,67000,FALSE
735,Nelson,Diddams,nelson.diddams@yakijo.com,Male,Geological Engineer,46000,TRUE
736,Abbey,Tomeo,abbey.tomeo@realbuzz.com,Female,Help Desk Operator,98000,TRUE
737,Rudiger,Ivins,rudiger.ivins@yodoo.com,Male,Civil Engineer,99000,TRUE
738,Devina,Kalisz,devina.kalisz@gabtune.com,Female,Environmental Tech,34888,TRUE
739,Raynell,Renish,raynell.renish@wordpedia.com,Female,Internal Auditor,123000,TRUE
740,Kippy,Osgordby,kippy.osgordby@skiptube.com,Female,VP Sales,100000,FALSE
741,Maurita,Vogt,maurita.vogt@blogspan.com,Female,Web Developer II,67000,FALSE
742,Tuck,Dubbin,tuck.dubbin@lajo.com,Male,Media Manager IV,88000,TRUE
743,Griffie,Yakuntsov,griffie.yakuntsov@pixope.com,Male,Chief Design Engineer,66000,FALSE
744,Berenice,Filippi,berenice.filippi@rhybox.com,Female,Chief Design Engineer,67800,FALSE
745,Ives,Avrahamoff,ives.avrahamoff@pixoboo.com,Male,Research Assistant III,67000,FALSE
746,Jocelyne,Rentoul,jocelyne.rentoul@topicware.com,Female,Internal Auditor,46000,TRUE
747,Donella,Middleweek,donella.middleweek@ainyx.com,Female,Food Chemist,80000,TRUE
748,Dav,Wait,dav.wait@riffpath.com,Male,Accounting Assistant I,90000,FALSE
749,Pembroke,Brasener,pembroke.brasener@twitterbeat.com,Male,VP Accounting,75000,TRUE
750,Blayne,Dickenson,blayne.dickenson@babblestorm.com,Male,Chemical Engineer,98000,FALSE
751,Mozes,Mannion,mozes.mannion@topiczoom.com,Male,Developer II,120000,FALSE
752,Doralynn,Standon,doralynn.standon@zoombox.com,Female,Sales Associate,87000,TRUE
753,Seumas,Bridywater,seumas.bridywater@topiczoom.com,Male,Web Developer I,67000,TRUE
754,Gran,Konzelmann,gran.konzelmann@twitterlist.com,Male,Food Chemist,46000,FALSE
755,Base,Liley,base.liley@eazzy.com,Male,Account Representative I,98000,TRUE
756,Ricky,Garrelts,ricky.garrelts@skyble.com,Female,Developer II,99000,TRUE
757,Marjory,Ganforth,marjory.ganforth@linkbuzz.com,Female,Administrative Officer,34888,TRUE
758,Thibaut,Pyle,thibaut.pyle@photolist.com,Male,Chemical Engineer,123000,TRUE
759,Lynette,Frisel,lynette.frisel@pixoboo.com,Female,Health Coach III,100000,TRUE
760,Em,Jellman,em.jellman@skaboo.com,Female,Office Assistant I,67000,FALSE
761,Iosep,Matcham,iosep.matcham@centidel.com,Male,Help Desk Technician,88000,FALSE
762,Morgan,Marjanovic,morgan.marjanovic@browsetype.com,Male,Assistant Media Planner,66000,TRUE
763,Aileen,Rubinivitz,aileen.rubinivitz@jabbertype.com,Female,Software Consultant,67800,FALSE
764,Ileana,Windless,ileana.windless@photospace.com,Female,Help Desk Technician,67000,FALSE
765,Wendeline,Stickland,wendeline.stickland@skynoodle.com,Female,Food Chemist,46000,FALSE
766,Kienan,Fussen,kienan.fussen@jetpulse.com,Male,Health Coach III,80000,TRUE
767,Brandice,Greenard,brandice.greenard@layo.com,Female,Cost Accountant,90000,TRUE
768,Stephi,Shall,stephi.shall@flipstorm.com,Female,Administrative Officer,75000,FALSE
769,Conni,Mylechreest,conni.mylechreest@zoombox.com,Female,Environmental Tech,98000,TRUE
770,Colleen,Kitchiner,colleen.kitchiner@skiptube.com,Female,Design Engineer,120000,FALSE
771,Darrell,Ashborne,darrell.ashborne@ntags.com,Male,VP Product Management,87000,FALSE
772,Minor,O' Brian,minor.o' brian@kare.com,Male,Staff Scientist,67000,TRUE
773,Lillian,Ducker,lillian.ducker@realblab.com,Female,VP Sales,46000,TRUE
774,Jenni,Realy,jenni.realy@flipopia.com,Female,Accountant I,98000,FALSE
775,Torin,Martineau,torin.martineau@flashspan.com,Male,Environmental Tech,99000,TRUE
776,Davita,Newson,davita.newson@cogidoo.com,Female,Systems Administrator II,34888,TRUE
777,Herbert,Osbaldstone,herbert.osbaldstone@lazz.com,Male,Assistant Media Planner,123000,TRUE
778,Ninnetta,Readings,ninnetta.readings@divanoodle.com,Female,Civil Engineer,100000,TRUE
779,Ron,Pendrigh,ron.pendrigh@flipbug.com,Male,Senior Cost Accountant,67000,TRUE
780,Allx,Inett,allx.inett@linktype.com,Female,Help Desk Operator,88000,FALSE
781,Nelson,Zecchetti,nelson.zecchetti@layo.com,Male,Sales Associate,66000,FALSE
782,Minnaminnie,Mannion,minnaminnie.mannion@thoughtmix.com,Female,Environmental Tech,67800,TRUE
783,Amerigo,Revelle,amerigo.revelle@mydeo.com,Male,Civil Engineer,67000,FALSE
784,Bev,Rumgay,bev.rumgay@topiczoom.com,Male,Media Manager IV,46000,FALSE
785,Luis,Trickey,luis.trickey@tagfeed.com,Male,Computer Systems Analyst I,80000,FALSE
786,Germain,Langsbury,germain.langsbury@meejo.com,Female,Office Assistant I,90000,TRUE
787,Auguste,MacKenny,auguste.mackenny@jabbertype.com,Female,Health Coach III,75000,TRUE
788,Ronny,Cracknell,ronny.cracknell@flipstorm.com,Female,Help Desk Operator,98000,FALSE
789,Bella,Algy,bella.algy@linkbridge.com,Female,Senior Cost Accountant,120000,TRUE
790,Salomon,Aylott,salomon.aylott@blogxs.com,Male,Developer II,87000,FALSE
791,Liane,Cringle,liane.cringle@gigabox.com,Female,Biostatistician III,67000,FALSE
792,Joellen,De Haven,joellen.de haven@rhynyx.com,Female,Assistant Media Planner,46000,TRUE
793,Bastien,Ondrasek,bastien.ondrasek@flashspan.com,Male,Structural Analysis Engineer,98000,TRUE
794,Nichole,Oxford,nichole.oxford@linktype.com,Female,Electrical Engineer,99000,FALSE
795,Kristan,Durning,kristan.durning@wordpedia.com,Female,Civil Engineer,34888,TRUE
796,Scott,Redmire,scott.redmire@photolist.com,Male,Civil Engineer,123000,TRUE
797,Alphonso,Thebeau,alphonso.thebeau@centidel.com,Male,Systems Administrator II,100000,TRUE
798,Ruprecht,Lethbrig,ruprecht.lethbrig@yata.com,Male,Civil Engineer,67000,TRUE
799,Minta,Hillburn,minta.hillburn@vidoo.com,Female,Civil Engineer,88000,TRUE
800,Maribelle,Magnay,maribelle.magnay@linkbridge.com,Female,Structural Analysis Engineer,66000,FALSE
801,Davide,MacAlinden,davide.macalinden@zoomdog.com,Male,Accountant I,67800,FALSE
802,Mirilla,Lesmonde,mirilla.lesmonde@ainyx.com,Female,Help Desk Technician,67000,TRUE
803,Leanna,Perico,leanna.perico@fliptune.com,Female,Electrical Engineer,46000,FALSE
804,Mallorie,Crathern,mallorie.crathern@twimbo.com,Female,Design Engineer,80000,FALSE
805,Tammie,Chitham,tammie.chitham@blogxs.com,Male,Staff Scientist,90000,FALSE
806,Lemar,Gellately,lemar.gellately@aibox.com,Male,Account Representative I,75000,TRUE
807,Delphine,Harden,delphine.harden@dynava.com,Female,Systems Administrator II,98000,TRUE
808,Paul,Engeham,paul.engeham@twimbo.com,Male,Financial Advisor,80000,FALSE
809,Howie,D'Ugo,howie.d'ugo@riffpath.com,Male,Web Developer II,90000,TRUE
810,Gail,Frood,gail.frood@innotype.com,Male,Help Desk Operator,75000,FALSE
811,Tab,Adamini,tab.adamini@skaboo.com,Male,Office Assistant I,98000,FALSE
812,Frieda,Pavlenkov,frieda.pavlenkov@voomm.com,Female,Help Desk Operator,120000,TRUE
813,Asher,Beldom,asher.beldom@photobug.com,Male,Chief Design Engineer,87000,TRUE
814,Fawne,Antalffy,fawne.antalffy@twiyo.com,Female,Geological Engineer,67000,FALSE
815,Vincent,Roocroft,vincent.roocroft@jetwire.com,Male,Database Administrator IV,46000,TRUE
816,Wells,Youle,wells.youle@eidel.com,Male,VP Sales,98000,TRUE
817,Tricia,Westrope,tricia.westrope@thoughtsphere.com,Female,Cost Accountant,99000,TRUE
818,Mureil,Steptow,mureil.steptow@kwimbee.com,Female,Design Engineer,34888,TRUE
819,Garth,Collidge,garth.collidge@skinix.com,Male,Systems Administrator IV,123000,TRUE
820,Tania,Lamzed,tania.lamzed@podcat.com,Female,Sales Associate,100000,FALSE
821,Daniele,Bunker,daniele.bunker@shufflebeat.com,Female,Community Outreach Specialist,67000,FALSE
822,Stafani,Grigoroni,stafani.grigoroni@topiczoom.com,Female,Electrical Engineer,88000,TRUE
823,Alleen,Watsham,alleen.watsham@ntags.com,Female,Chief Design Engineer,66000,FALSE
824,Vera,Lockwood,vera.lockwood@ntag.com,Female,Staff Scientist,67800,FALSE
825,Cynthie,Sellner,cynthie.sellner@gabvine.com,Female,Design Engineer,67000,FALSE
826,Philip,Doerr,philip.doerr@meejo.com,Male,VP Quality Control,46000,TRUE
827,Bethany,Duck,bethany.duck@skiptube.com,Female,VP Quality Control,80000,TRUE
828,Marguerite,Gowans,marguerite.gowans@innotype.com,Female,Civil Engineer,90000,FALSE
829,Shay,Fortnam,shay.fortnam@blogtags.com,Male,Staff Scientist,75000,TRUE
830,Pepillo,Renouf,pepillo.renouf@dabjam.com,Male,Staff Scientist,98000,FALSE
831,Adrianna,Humbee,adrianna.humbee@tagfeed.com,Female,Community Outreach Specialist,120000,FALSE
832,Jaimie,Fuster,jaimie.fuster@jabbercube.com,Female,Chief Design Engineer,87000,TRUE
833,Kassey,Pawlata,kassey.pawlata@vidoo.com,Female,Civil Engineer,67000,TRUE
834,Deirdre,Libbe,deirdre.libbe@gabtune.com,Female,Sales Associate,46000,FALSE
835,Elfrida,MacCumiskey,elfrida.maccumiskey@abatz.com,Female,Civil Engineer,98000,TRUE
836,Pierson,Huton,pierson.huton@topicstorm.com,Male,Account Representative I,99000,TRUE
837,Karil,Nan Carrow,karil.nan carrow@zoombox.com,Female,Accounting Assistant I,34888,TRUE
838,Catarina,Leddie,catarina.leddie@oyope.com,Female,Account Representative I,123000,TRUE
839,Karlyn,Haldin,karlyn.haldin@yakijo.com,Female,Internal Auditor,100000,TRUE
840,Chantal,Konerding,chantal.konerding@buzzster.com,Female,Systems Administrator II,67000,FALSE
841,Aimee,Hildrew,aimee.hildrew@aivee.com,Female,Web Developer II,88000,FALSE
842,Halimeda,Crack,halimeda.crack@flashpoint.com,Female,Sales Associate,66000,TRUE
843,Clemence,Juste,clemence.juste@quire.com,Female,Structural Analysis Engineer,67800,FALSE
844,Rita,Brenard,rita.brenard@gigabox.com,Female,Systems Administrator IV,67000,FALSE
845,Kermie,Fosse,kermie.fosse@geba.com,Male,Web Developer I,46000,FALSE
846,Miriam,Schofield,miriam.schofield@flashspan.com,Female,Accountant I,80000,TRUE
847,Carmella,Karel,carmella.karel@centidel.com,Female,Database Administrator IV,90000,TRUE
848,Nollie,MacPhaden,nollie.macphaden@bubbletube.com,Male,Office Assistant I,75000,FALSE
849,Millicent,McNysche,millicent.mcnysche@topicware.com,Female,Cost Accountant,98000,TRUE
850,Andreana,Balmforth,andreana.balmforth@rhynoodle.com,Female,Accountant I,120000,FALSE
851,Darlleen,Alphege,darlleen.alphege@shufflebeat.com,Female,VP Quality Control,87000,FALSE
852,Sanders,Patmore,sanders.patmore@lazz.com,Male,Design Engineer,67000,TRUE
853,Frazier,Bode,frazier.bode@voolith.com,Male,Help Desk Technician,46000,TRUE
854,Brien,Scade,brien.scade@kwimbee.com,Male,VP Product Management,98000,FALSE
855,Dulsea,Devigne,dulsea.devigne@yoveo.com,Female,Media Manager IV,99000,TRUE
856,Maire,Edgerly,maire.edgerly@blognation.com,Female,Senior Cost Accountant,34888,TRUE
857,Burnard,Hofer,burnard.hofer@eazzy.com,Male,Software Consultant,123000,TRUE
858,Jeff,Locard,jeff.locard@topicblab.com,Male,Chief Design Engineer,100000,TRUE
859,Dani,Goulstone,dani.goulstone@ainyx.com,Female,Administrative Officer,67000,TRUE
860,Peggie,Josiah,peggie.josiah@rhynyx.com,Female,Cost Accountant,88000,FALSE
861,Krystyna,Staniland,krystyna.staniland@flipbug.com,Female,Systems Administrator II,66000,FALSE
862,Godfry,Chiene,godfry.chiene@bubbletube.com,Male,Environmental Tech,67800,TRUE
863,Valencia,Keynes,valencia.keynes@mynte.com,Female,Database Administrator IV,67000,FALSE
864,Jocelin,Tomaskunas,jocelin.tomaskunas@twitterbeat.com,Female,VP Product Management,46000,FALSE
865,Josi,Momford,josi.momford@twitterbridge.com,Female,Chief Design Engineer,80000,FALSE
866,Dominik,McCaughan,dominik.mccaughan@yozio.com,Male,Computer Systems Analyst I,90000,TRUE
867,Shay,Andrewartha,shay.andrewartha@edgeify.com,Female,Geological Engineer,75000,TRUE
868,Gustavus,Weatherhill,gustavus.weatherhill@topicblab.com,Male,Cost Accountant,98000,FALSE
869,Stevana,Scottrell,stevana.scottrell@mydo.com,Female,Geological Engineer,120000,TRUE
870,Inga,Brindle,inga.brindle@topicblab.com,Female,Chemical Engineer,87000,FALSE
871,Holli,Ugoletti,holli.ugoletti@flipbug.com,Female,Account Representative I,67000,FALSE
872,Natty,Kinch,natty.kinch@skiptube.com,Male,VP Quality Control,46000,TRUE
873,Tabbi,Barensen,tabbi.barensen@mymm.com,Female,Community Outreach Specialist,98000,TRUE
874,Shanie,Molineaux,shanie.molineaux@quatz.com,Female,Systems Administrator II,99000,FALSE
875,Andra,Seller,andra.seller@mynte.com,Female,Systems Administrator II,34888,TRUE
876,Philomena,Fright,philomena.fright@skinix.com,Female,Sales Associate,123000,TRUE
877,Natal,Southward,natal.southward@linkbridge.com,Male,Staff Accountant I,100000,TRUE
878,Asher,McPhilemy,asher.mcphilemy@skinix.com,Male,Staff Scientist,67000,TRUE
879,Hubie,Rushby,hubie.rushby@photospace.com,Male,Design Engineer,88000,TRUE
880,Darius,Rippingall,darius.rippingall@realpoint.com,Male,Computer Systems Analyst I,66000,FALSE
881,Clyde,Shaves,clyde.shaves@thoughtbridge.com,Male,Account Representative I,67800,FALSE
882,Ginelle,Meys,ginelle.meys@flipbug.com,Female,Media Manager IV,67000,TRUE
883,Bev,Shanahan,bev.shanahan@roomm.com,Female,Chief Design Engineer,46000,FALSE
884,Glennie,Lempertz,glennie.lempertz@gabspot.com,Female,Biostatistician III,80000,FALSE
885,Townsend,Tidridge,townsend.tidridge@thoughtworks.com,Male,Health Coach III,90000,FALSE
886,Enoch,Keedwell,enoch.keedwell@linkbridge.com,Male,Systems Administrator II,75000,TRUE
887,Benn,Causon,benn.causon@podcat.com,Male,Accountant I,98000,TRUE
888,Adora,Vannoni,adora.vannoni@flipbug.com,Female,Media Manager IV,120000,FALSE
889,Annie,Pedrick,annie.pedrick@gabtune.com,Female,Help Desk Technician,87000,TRUE
890,Cecilio,Gligoraci,cecilio.gligoraci@topiczoom.com,Male,Environmental Tech,67000,FALSE
891,Derron,Murname,derron.murname@photospace.com,Male,Biostatistician III,46000,FALSE
892,Darryl,Millier,darryl.millier@topiczoom.com,Male,Internal Auditor,98000,TRUE
893,Jessalyn,Harriday,jessalyn.harriday@demivee.com,Female,Cost Accountant,99000,TRUE
894,Lotty,Tissier,lotty.tissier@oyope.com,Female,Computer Systems Analyst I,34888,FALSE
895,Esma,Bosworth,esma.bosworth@podcat.com,Female,Internal Auditor,123000,TRUE
896,Colette,Sterzaker,colette.sterzaker@meembee.com,Female,VP Product Management,100000,TRUE
897,Annecorinne,McAw,annecorinne.mcaw@cogidoo.com,Female,Systems Administrator IV,67000,TRUE
898,Allianora,Fullun,allianora.fullun@twitterbridge.com,Female,Financial Advisor,88000,TRUE
899,Laird,Adriani,laird.adriani@wordpedia.com,Male,Staff Accountant I,66000,TRUE
900,Beatrix,Fossett,beatrix.fossett@edgewire.com,Female,Internal Auditor,67800,FALSE
901,Mayer,Alflat,mayer.alflat@podcat.com,Male,Environmental Tech,67000,FALSE
902,Michal,O'Shiel,michal.o'shiel@twimbo.com,Female,Media Manager IV,46000,TRUE
903,Cordelie,Gumbrell,cordelie.gumbrell@wikibox.com,Female,Help Desk Operator,80000,FALSE
904,Lauryn,Train,lauryn.train@meedoo.com,Female,Electrical Engineer,90000,FALSE
905,Say,Pohlak,say.pohlak@realbridge.com,Male,Cost Accountant,75000,FALSE
906,Philippe,Gallen,philippe.gallen@rhybox.com,Female,Account Representative I,98000,TRUE
907,Vivyanne,Balnaves,vivyanne.balnaves@ainyx.com,Female,Help Desk Technician,80000,TRUE
908,Edsel,Wheeliker,edsel.wheeliker@linktype.com,Male,Electrical Engineer,90000,FALSE
909,Ulrich,Davidge,ulrich.davidge@reallinks.com,Male,Chief Design Engineer,75000,TRUE
910,Ethelyn,Collinette,ethelyn.collinette@skinix.com,Female,Cost Accountant,98000,FALSE
911,Brendon,Trotton,brendon.trotton@blogxs.com,Male,Food Chemist,120000,FALSE
912,Ebba,Zoren,ebba.zoren@jaxworks.com,Female,Cost Accountant,87000,TRUE
913,Leslie,Curman,leslie.curman@centidel.com,Male,VP Sales,67000,TRUE
914,Leicester,Kirdsch,leicester.kirdsch@youbridge.com,Male,Cost Accountant,46000,FALSE
915,Ailbert,Cran,ailbert.cran@layo.com,Male,Accountant I,98000,TRUE
916,Spencer,Schoffler,spencer.schoffler@eazzy.com,Male,Electrical Engineer,99000,TRUE
917,Melantha,Quickenden,melantha.quickenden@chatterbridge.com,Female,VP Sales,34888,TRUE
918,Prue,Scown,prue.scown@einti.com,Female,Web Developer II,123000,TRUE
919,Neville,Ridings,neville.ridings@rhyzio.com,Male,Web Developer I,100000,TRUE
920,Rudy,Murrow,rudy.murrow@zoombox.com,Male,Cost Accountant,67000,FALSE
921,Catherine,Robb,catherine.robb@centimia.com,Female,Computer Systems Analyst I,88000,FALSE
922,Iorgo,Terren,iorgo.terren@devify.com,Male,Chief Design Engineer,66000,TRUE
923,Cathlene,Laise,cathlene.laise@oyondu.com,Female,Account Representative I,67800,FALSE
924,Grazia,Cottisford,grazia.cottisford@mydo.com,Female,Sales Associate,67000,FALSE
925,Maude,Swede,maude.swede@jabbercube.com,Female,Electrical Engineer,46000,FALSE
926,Cherri,Campes,cherri.campes@yata.com,Female,Community Outreach Specialist,80000,TRUE
927,Lennard,Postans,lennard.postans@blogspan.com,Male,Community Outreach Specialist,90000,TRUE
928,Belia,Patmore,belia.patmore@katz.com,Female,Chief Design Engineer,75000,FALSE
929,Leonerd,Livingston,leonerd.livingston@youopia.com,Male,Administrative Officer,98000,TRUE
930,Worth,Yeomans,worth.yeomans@flipopia.com,Male,VP Quality Control,120000,FALSE
931,Leilah,Daber,leilah.daber@einti.com,Female,Web Developer II,87000,FALSE
932,Delphinia,Gannicott,delphinia.gannicott@katz.com,Female,Staff Scientist,67000,TRUE
933,Milton,Darbyshire,milton.darbyshire@thoughtsphere.com,Male,Civil Engineer,46000,TRUE
934,Odelinda,Maleby,odelinda.maleby@skyble.com,Female,Food Chemist,98000,FALSE
935,Noe,Dollimore,noe.dollimore@skinder.com,Male,Geological Engineer,99000,TRUE
936,Bary,Hardy-Piggin,bary.hardy-piggin@blogxs.com,Male,Sales Associate,34888,TRUE
937,Lolita,Janata,lolita.janata@divanoodle.com,Female,Computer Systems Analyst I,123000,TRUE
938,Farlie,Herety,farlie.herety@fivebridge.com,Male,Senior Cost Accountant,100000,TRUE
939,Garek,Garstang,garek.garstang@oyonder.com,Male,Database Administrator IV,67000,TRUE
940,Marigold,Larmet,marigold.larmet@yodoo.com,Female,VP Accounting,88000,FALSE
941,Paulie,Hakking,paulie.hakking@realblab.com,Female,Cost Accountant,66000,FALSE
942,Jimmie,Erik,jimmie.erik@skyble.com,Male,Sales Associate,67800,TRUE
943,Blinnie,O'Hear,blinnie.o'hear@chatterbridge.com,Female,Community Outreach Specialist,67000,FALSE
944,Jody,Abernethy,jody.abernethy@vinte.com,Male,Computer Systems Analyst I,46000,FALSE
945,Vincents,St Ledger,vincents.st ledger@photobug.com,Male,Geological Engineer,80000,FALSE
946,Joyan,Mallabon,joyan.mallabon@voolith.com,Female,Web Developer II,90000,TRUE
947,Hobart,Buckland,hobart.buckland@jamia.com,Male,Community Outreach Specialist,75000,TRUE
948,Hank,Pepon,hank.pepon@linktype.com,Male,VP Accounting,98000,FALSE
949,Ester,Benfell,ester.benfell@agivu.com,Female,VP Quality Control,120000,TRUE
950,Keefer,Dimitriades,keefer.dimitriades@jetwire.com,Male,Civil Engineer,87000,FALSE
951,Stephan,Glasgow,stephan.glasgow@thoughtbridge.com,Male,Accounting Assistant I,67000,FALSE
952,Robinett,Baude,robinett.baude@zoombox.com,Female,Structural Analysis Engineer,46000,TRUE
953,Stewart,Goldsworthy,stewart.goldsworthy@skinix.com,Male,Community Outreach Specialist,98000,TRUE
954,Tedmund,Goaks,tedmund.goaks@youbridge.com,Male,Help Desk Technician,99000,FALSE
955,Dwight,Chapelhow,dwight.chapelhow@topicblab.com,Male,VP Quality Control,34888,TRUE
956,Gwyn,Plows,gwyn.plows@meetz.com,Female,Chief Design Engineer,123000,TRUE
957,Etty,Petigrew,etty.petigrew@realpoint.com,Female,Financial Advisor,100000,TRUE
958,Jeanelle,Flanigan,jeanelle.flanigan@vinte.com,Female,Chief Design Engineer,67000,TRUE
959,Caresse,Carnelley,caresse.carnelley@flashpoint.com,Female,Software Consultant,88000,TRUE
960,Brietta,Whiffen,brietta.whiffen@twitterbeat.com,Female,Cost Accountant,66000,FALSE
961,Irvin,O'Shiel,irvin.o'shiel@yata.com,Male,VP Accounting,67800,FALSE
962,Asia,Ickeringill,asia.ickeringill@realbridge.com,Female,Software Consultant,67000,TRUE
963,Darsey,Prodrick,darsey.prodrick@roombo.com,Female,Financial Advisor,46000,FALSE
964,Emelita,de Tocqueville,emelita.de tocqueville@photospace.com,Female,Community Outreach Specialist,80000,FALSE
965,Ruthann,Pemble,ruthann.pemble@oyope.com,Female,Chief Design Engineer,90000,FALSE
966,Karleen,Ferries,karleen.ferries@zoomdog.com,Female,Chief Design Engineer,75000,TRUE
967,Byram,Heinle,byram.heinle@abatz.com,Male,Design Engineer,98000,TRUE
968,Corie,Bartel,corie.bartel@topicware.com,Female,Staff Scientist,120000,FALSE
969,Godwin,Aked,godwin.aked@skynoodle.com,Male,Help Desk Technician,87000,TRUE
970,Toinette,Deavall,toinette.deavall@thoughtsphere.com,Female,Software Consultant,67000,FALSE
971,Hollie,McLaverty,hollie.mclaverty@gevee.com,Female,Civil Engineer,46000,FALSE
972,Zia,Kulas,zia.kulas@thoughtmix.com,Female,Food Chemist,98000,TRUE
973,Rockwell,Skilton,rockwell.skilton@camimbo.com,Male,Environmental Tech,99000,TRUE
974,Estele,Petrillo,estele.petrillo@cogidoo.com,Female,Cost Accountant,34888,FALSE
975,Catie,Menure,catie.menure@jetpulse.com,Female,Computer Systems Analyst I,123000,TRUE
976,Madeline,Espinay,madeline.espinay@skynoodle.com,Female,Database Administrator IV,100000,TRUE
977,Wilhelm,Colloff,wilhelm.colloff@gevee.com,Male,Help Desk Operator,67000,TRUE
978,Gibb,Hubbis,gibb.hubbis@skipstorm.com,Male,Biostatistician III,88000,TRUE
979,Devonne,Haffner,devonne.haffner@mynte.com,Female,Database Administrator IV,66000,TRUE
980,Pavlov,Loosely,pavlov.loosely@gevee.com,Male,Cost Accountant,67800,FALSE
981,Mose,Sabban,mose.sabban@yodoo.com,Male,Staff Accountant I,67000,FALSE
982,Benito,Valenta,benito.valenta@tagfeed.com,Male,Assistant Media Planner,46000,TRUE
983,Kylynn,Klemenz,kylynn.klemenz@innoz.com,Female,Electrical Engineer,80000,FALSE
984,Meyer,Yanyushkin,meyer.yanyushkin@lajo.com,Male,Administrative Officer,90000,FALSE
985,Henrie,Knott,henrie.knott@realbuzz.com,Female,Community Outreach Specialist,75000,FALSE
986,Wayne,Pedler,wayne.pedler@einti.com,Male,VP Sales,98000,TRUE
987,Marquita,Jewett,marquita.jewett@edgewire.com,Female,Community Outreach Specialist,120000,TRUE
988,Traci,MacTimpany,traci.mactimpany@youopia.com,Female,Geological Engineer,87000,FALSE
989,Wilburt,Christian,wilburt.christian@shufflebeat.com,Male,VP Accounting,67000,TRUE
990,Cristabel,Vignaux,cristabel.vignaux@jabbercube.com,Female,Help Desk Operator,46000,FALSE
991,Dory,Laurance,dory.laurance@flashpoint.com,Female,Assistant Media Planner,98000,FALSE
992,Maxie,Esplin,maxie.esplin@roodel.com,Male,Software Consultant,99000,TRUE
993,Hester,Starten,hester.starten@agivu.com,Female,Community Outreach Specialist,34888,TRUE
994,Irita,Fallanche,irita.fallanche@voomm.com,Female,Systems Administrator II,123000,FALSE
995,Berte,Humes,berte.humes@yoveo.com,Female,VP Sales,100000,TRUE
996,Lenette,Summerlad,lenette.summerlad@twiyo.com,Female,Chief Design Engineer,67000,TRUE
997,Fairlie,Sugarman,fairlie.sugarman@ntags.com,Male,VP Sales,88000,TRUE
998,Nancy,Petty,nancy.petty@flipopia.com,Female,Developer II,66000,TRUE
999,Zandra,Wyre,zandra.wyre@ntag.com,Female,Geological Engineer,67800,TRUE
1000,Abramo,Gounet,abramo.gounet@yodoo.com,Male,Financial Advisor,67000,FALSE