id,name
1,Quatz
2,Zoomdog
3,Thoughtbridge
4,Leenti
5,Gevee
6,Vinte
7,Voolith
8,Riffpath
9,Realbridge
10,Zoombox
11,Gabspot
12,Topiczoom
13,Podcat
14,Kazu
15,Gabvine
16,Devify
17,Katz
18,Jaloo
19,Skiptube
20,Chatterbridge
21,Aivee
22,Topicstorm
23,Edgewire
24,Mynte
25,Voomm
26,Shufflebeat
27,Aibox
28,Rhynyx
29,Meembee
30,Latz
31,Twitterlist
32,Youopia
33,Gabtune
34,Jabbercube
35,Mymm
36,Roombo
37,Quire
38,Podcat
39,BlogXS
40,Abatz
41,Jetpulse
42,Thoughtsphere
43,Oyope
44,Skiptube
45,Demivee
46,Eabox
47,Linkbridge
48,Tagfeed
49,Twiyo
50,Skajo
51,Flashspan
52,Tagfeed
53,Thoughtstorm
54,Youbridge
55,Mybuzz
56,Blognation
57,Bubbletube
58,Centidel
59,Voomm
60,Kwimbee
61,Skinder
62,Pixope
63,Jabbertype
64,Eidel
65,Shuffledrive
66,Agivu
67,Skynoodle
68,Photobug
69,Buzzshare
70,Cogidoo
71,Twimbo
72,Jaxworks
73,Edgeify
74,Kare
75,Einti
76,Skaboo
77,Skiptube
78,Innotype
79,Meedoo
80,Thoughtsphere
81,Browsebug
82,Meejo
83,Blogtag
84,Oyondu
85,Skipstorm
86,Brainlounge
87,Jetwire
88,Eazzy
89,Thoughtworks
90,Skinix
91,Gigabox
92,Jayo
93,Quaxo
94,Tekfly
95,Photolist
96,Babbleset
97,Layo
98,Yotz
99,Blogtags
100,Meembee
101,Twitterbeat
102,Rhybox
103,Photospace
104,Blogpad
105,Oyonder
106,Vidoo
107,Lazz
108,Realbuzz
109,Trilia
110,Skimia
111,Flashpoint
112,Wordpedia
113,Divanoodle
114,Muxo
115,Yodoo
116,BlogXS
117,Roomm
118,Thoughtstorm
119,Shufflebeat
120,Thoughtmix
121,Skyble
122,Babblestorm
123,Oyope
124,Linktype
125,Flipstorm
126,Jatri
127,Gabspot
128,Rhyzio
129,Rhynyx
130,Yozio
131,Camimbo
132,Buzzster
133,Dynazzy
134,Oyoyo
135,Topicblab
136,Ainyx
137,Jabbercube
138,Mydo
139,Meetz
140,Reallinks
141,Kwimbee
142,Jamia
143,Yoveo
144,Flipbug
145,Linkbuzz
146,Lajo
147,Fliptune
148,Ntags
149,Skidoo
150,Dabjam
151,Mydeo
152,Roodel
153,Katz
154,Ntags
155,Buzzster
156,Cogidoo
157,Flipopia
158,Cogidoo
159,Yakijo
160,Topiczoom
161,Wikibox
162,Yata
163,Rhybox
164,Browsetype
165,Realblab
166,Twitterbridge
167,Mudo
168,Lazz
169,Dynava
170,Vidoo
171,Rhynoodle
172,Flipstorm
173,Skinix
174,Eazzy
175,Wordpedia
176,Jabbercube
177,Jaxnation
178,Topicware
179,Twiyo
180,Edgewire
181,Zoombox
182,Ntag
183,Oloo
184,Fivebridge
185,Blogspan
186,Topiczoom
187,Flipstorm
188,Topicblab
189,Shufflebeat
190,Linktype
191,InnoZ
192,Centimia
193,Geba
194,Feedbug
195,Avamba
196,Realpoint
197,Pixoboo
198,Twimbo
199,Trilith
200,Agivu
